Rank,CustomerID,Country,Revenue,Orders,AOV
1,18102,United Kingdom,21198.3,18,1177.68
2,14646,Netherlands,7861.15,34,231.21
3,14911,EIRE,5336.05,108,49.41
4,12415,Australia,5317.72,10,531.77
5,17450,United Kingdom,4808.5199999999995,8,601.06
6,14096,United Kingdom,4232.24,15,282.15
7,12931,United Kingdom,3858.4,6,643.07
8,14156,EIRE,3727.39,23,162.06
9,17511,United Kingdom,3213.1,17,189.01
10,16684,United Kingdom,2831.78,6,471.96
11,14088,United Kingdom,2495.94,7,356.56
12,13694,United Kingdom,2478.2599999999998,16,154.89
13,17949,United Kingdom,2462.4,3,820.8
14,14298,United Kingdom,2195.81,25,87.83
15,13089,United Kingdom,2124.64,42,50.59
16,13098,United Kingdom,2073.48,12,172.79
17,15311,United Kingdom,1966.21,46,42.74
18,15061,United Kingdom,1942.94,12,161.91
19,16029,United Kingdom,1732.7,8,216.59
20,15769,United Kingdom,1569.0,4,392.25
21,12980,United Kingdom,1537.8,3,512.6
22,13798,United Kingdom,1409.6599999999999,11,128.15
23,13408,United Kingdom,1406.76,21,66.99
24,12753,Japan,1337.46,4,334.36
25,12428,Finland,1315.0,6,219.17
26,15838,United Kingdom,1283.7199999999998,7,183.39
27,16209,United Kingdom,1220.4,1,1220.4
28,12901,United Kingdom,1173.21,5,234.64
29,15125,United Kingdom,1145.64,9,127.29
30,17841,United Kingdom,1124.06,97,11.59
31,12748,United Kingdom,1106.1,81,13.66
32,16422,United Kingdom,1048.3799999999999,9,116.49
33,17857,United Kingdom,1038.0,2,519.0
34,16656,United Kingdom,1036.8,4,259.2
35,14680,United Kingdom,1014.4,8,126.8
36,12921,United Kingdom,949.32,20,47.47
37,15159,United Kingdom,910.86,13,70.07
38,16333,United Kingdom,900.0,1,900.0
39,13631,United Kingdom,850.0,1,850.0
40,13941,United Kingdom,828.0,2,414.0
41,15514,United Kingdom,823.05,4,205.76
42,14866,United Kingdom,803.91,3,267.97
43,13081,United Kingdom,802.4,9,89.16
44,15856,United Kingdom,792.76,15,52.85
45,17809,United Kingdom,790.14,3,263.38
46,13767,United Kingdom,779.5,8,97.44
47,17404,Sweden,774.0,4,193.5
48,13324,United Kingdom,731.04,3,243.68
49,17675,United Kingdom,725.06,16,45.32
50,14952,United Kingdom,713.06,6,118.84
51,12477,Germany,699.0600000000001,5,139.81
52,14258,United Kingdom,697.2,3,232.4
53,12678,France,677.16,3,225.72
54,13854,United Kingdom,663.98,6,110.66
55,15513,United Kingdom,663.68,9,73.74
56,17340,United Kingdom,646.15,7,92.31
57,15251,United Kingdom,644.6800000000001,6,107.45
58,16013,United Kingdom,644.0,3,214.67
59,18092,United Kingdom,636.0,5,127.2
60,13777,United Kingdom,629.1,5,125.82
61,12471,Germany,621.8,13,47.83
62,14051,United Kingdom,620.4,7,88.63
63,13001,United Kingdom,614.59,10,61.46
64,14735,United Kingdom,613.34,13,47.18
65,17581,United Kingdom,607.21,14,43.37
66,12435,Denmark,606.0,2,303.0
67,15039,United Kingdom,605.14,28,21.61
68,17416,United Kingdom,602.5,6,100.42
69,13113,United Kingdom,592.72,7,84.67
70,12621,Germany,592.0,13,45.54
71,12433,Norway,587.08,6,97.85
72,14769,United Kingdom,585.62,4,146.4
73,16525,United Kingdom,571.48,6,95.25
74,17389,United Kingdom,569.58,8,71.2
75,17602,United Kingdom,556.62,5,111.32
76,15498,United Kingdom,541.47,12,45.12
77,12681,France,540.84,16,33.8
78,16843,United Kingdom,539.5699999999999,8,67.45
79,14606,United Kingdom,535.4399999999999,60,8.92
80,16705,United Kingdom,520.56,6,86.76
81,17677,United Kingdom,513.94,9,57.1
82,13199,United Kingdom,509.1,8,63.64
83,13078,United Kingdom,503.89,13,38.76
84,15615,United Kingdom,500.79,13,38.52
85,17381,United Kingdom,500.52,3,166.84
86,15465,United Kingdom,482.96000000000004,6,80.49
87,12540,Spain,479.68999999999994,10,47.97
88,16041,United Kingdom,478.4,1,478.4
89,14607,United Kingdom,472.0,2,236.0
90,17017,United Kingdom,466.98,8,58.37
91,18055,United Kingdom,465.01,9,51.67
92,12830,United Kingdom,461.44,2,230.72
93,13319,United Kingdom,453.46,10,45.35
94,16652,United Kingdom,443.5,4,110.88
95,15189,United Kingdom,438.12,7,62.59
96,17306,United Kingdom,438.0,2,219.0
97,15129,United Kingdom,435.9,4,108.98
98,12683,France,434.76,9,48.31
99,17428,United Kingdom,431.49,7,61.64
100,13316,United Kingdom,429.05,3,143.02
101,16523,United Kingdom,424.71000000000004,9,47.19
102,16873,United Kingdom,419.72,6,69.95
103,16133,United Kingdom,419.55,8,52.44
104,16353,United Kingdom,417.9,3,139.3
105,15078,United Kingdom,416.86,13,32.07
106,15653,United Kingdom,414.72,1,414.72
107,17203,United Kingdom,408.47999999999996,5,81.7
108,16187,United Kingdom,402.94,8,50.37
109,13458,United Kingdom,396.07,11,36.01
110,13090,United Kingdom,390.87,4,97.72
111,16107,United Kingdom,390.0,2,195.0
112,16839,United Kingdom,389.08,7,55.58
113,13027,United Kingdom,384.0,1,384.0
114,13969,United Kingdom,382.97,8,47.87
115,18008,United Kingdom,382.95,2,191.48
116,17243,United Kingdom,380.51,14,27.18
117,13178,United Kingdom,379.06,7,54.15
118,14733,United Kingdom,378.6,5,75.72
119,15640,United Kingdom,377.68,9,41.96
120,12682,France,377.66,11,34.33
121,14031,United Kingdom,373.48,7,53.35
122,12583,France,373.23,11,33.93
123,16126,United Kingdom,371.85,4,92.96
124,12474,Germany,369.21999999999997,13,28.4
125,12976,United Kingdom,368.48,1,368.48
126,17735,United Kingdom,367.66,12,30.64
127,15046,United Kingdom,364.39,11,33.13
128,12705,Germany,363.17,7,51.88
129,12557,Spain,362.5,2,181.25
130,14057,United Kingdom,359.55,10,35.96
131,17139,United Kingdom,359.33,8,44.92
132,14887,United Kingdom,358.0,1,358.0
133,14062,United Kingdom,357.9,5,71.58
134,12783,Portugal,354.96,4,88.74
135,16033,United Kingdom,353.12,16,22.07
136,16258,United Kingdom,351.96,4,87.99
137,14194,United Kingdom,350.74,13,26.98
138,17975,United Kingdom,348.84000000000003,6,58.14
139,15291,United Kingdom,347.0,3,115.67
140,16655,United Kingdom,345.34,5,69.07
141,13516,United Kingdom,345.0,2,172.5
142,14060,United Kingdom,344.76,10,34.48
143,18172,United Kingdom,342.58,7,48.94
144,16779,United Kingdom,339.25,7,48.46
145,12731,France,338.76,6,56.46
146,14110,United Kingdom,338.0,4,84.5
147,13815,Germany,336.42,3,112.14
148,13340,United Kingdom,331.8,3,110.6
149,12766,Portugal,325.96,6,54.33
150,17315,United Kingdom,323.73,13,24.9
151,12567,France,323.33,7,46.19
152,15113,United Kingdom,322.35,2,161.18
153,14688,United Kingdom,321.83,10,32.18
154,14056,United Kingdom,314.76,18,17.49
155,14543,United Kingdom,313.2,2,156.6
156,16003,United Kingdom,311.96,3,103.99
157,16745,United Kingdom,310.58,9,34.51
158,12590,Germany,309.6,1,309.6
159,14808,United Kingdom,307.94,5,61.59
160,17388,United Kingdom,305.28,1,305.28
161,15808,United Kingdom,304.4,4,76.1
162,12472,Germany,302.8,7,43.26
163,13576,United Kingdom,302.03000000000003,4,75.51
164,12637,France,301.98,5,60.4
165,15358,United Kingdom,298.33,11,27.12
166,12481,Germany,297.5,6,49.58
167,14145,United Kingdom,297.0,1,297.0
168,13452,United Kingdom,295.0,1,295.0
169,12657,France,294.8,3,98.27
170,14367,United Kingdom,294.71,9,32.75
171,12700,France,294.64,4,73.66
172,16746,United Kingdom,293.28000000000003,12,24.44
173,15845,United Kingdom,291.98,6,48.66
174,13629,United Kingdom,291.44,3,97.15
175,17354,United Kingdom,290.75,1,290.75
176,14895,United Kingdom,290.37,7,41.48
177,14961,United Kingdom,290.3,7,41.47
178,17757,United Kingdom,289.55,17,17.03
179,16161,United Kingdom,289.27,14,20.66
180,17716,United Kingdom,289.23,5,57.85
181,18259,United Kingdom,287.4,2,143.7
182,17613,United Kingdom,286.03,10,28.6
183,14709,United Kingdom,286.0,6,47.67
184,12490,France,285.84,9,31.76
185,14534,United Kingdom,283.79,12,23.65
186,17706,United Kingdom,282.8,6,47.13
187,14936,Channel Islands,282.7,5,56.54
188,14415,United Kingdom,282.56,12,23.55
189,13488,United Kingdom,281.15,10,28.12
190,13209,United Kingdom,281.09,5,56.22
191,12971,United Kingdom,281.08,7,40.15
192,15034,United Kingdom,280.3,6,46.72
193,12553,France,279.94,8,34.99
194,13097,United Kingdom,279.9,9,31.1
195,16713,United Kingdom,279.8,11,25.44
196,13908,United Kingdom,275.96,4,68.99
197,16558,United Kingdom,275.04,12,22.92
198,17659,United Kingdom,274.94,6,45.82
199,12451,Switzerland,273.34,3,91.11
200,14292,United Kingdom,270.0,3,90.0
201,13261,United Kingdom,270.0,1,270.0
202,14527,United Kingdom,268.17,24,11.17
203,13870,United Kingdom,266.59999999999997,5,53.32
204,15854,United Kingdom,266.27000000000004,4,66.57
205,12539,Spain,265.6,4,66.4
206,17768,United Kingdom,264.89,3,88.3
207,15601,United Kingdom,264.7,10,26.47
208,13709,United Kingdom,264.3,9,29.37
209,13520,Switzerland,263.28000000000003,5,52.66
210,16672,United Kingdom,262.2,3,87.4
211,12473,Germany,261.6,4,65.4
212,17509,United Kingdom,260.05,7,37.15
213,15245,United Kingdom,259.2,2,129.6
214,17865,United Kingdom,256.68,6,42.78
215,17386,United Kingdom,255.6,2,127.8
216,15005,United Kingdom,255.45,24,10.64
217,16180,United Kingdom,254.9,4,63.72
218,16722,United Kingdom,254.84,9,28.32
219,12613,Germany,253.70999999999998,5,50.74
220,12359,Cyprus,252.9,4,63.22
221,12437,France,252.8,9,28.09
222,17811,United Kingdom,252.08,17,14.83
223,14800,United Kingdom,249.69,8,31.21
224,16923,United Kingdom,247.92000000000002,15,16.53
225,16191,United Kingdom,246.4,3,82.13
226,17528,United Kingdom,245.62,7,35.09
227,12626,Germany,245.6,6,40.93
228,12798,Japan,244.8,1,244.8
229,14796,United Kingdom,244.26,14,17.45
230,13266,United Kingdom,242.88,9,26.99
231,15805,United Kingdom,242.65,7,34.66
232,17593,United Kingdom,242.3,4,60.58
233,16701,United Kingdom,242.0,6,40.33
234,13668,United Kingdom,241.25,9,26.81
235,13881,United Kingdom,241.0,4,60.25
236,13093,United Kingdom,240.96,4,60.24
237,15044,United Kingdom,240.45000000000002,7,34.35
238,12360,Austria,240.09,3,80.03
239,13985,United Kingdom,238.20000000000002,8,29.78
240,15364,United Kingdom,237.6,1,237.6
241,14616,United Kingdom,237.6,1,237.6
242,14755,United Kingdom,236.95999999999998,7,33.85
243,12720,Germany,236.57999999999998,12,19.72
244,16729,United Kingdom,236.05,13,18.16
245,15290,United Kingdom,235.6,7,33.66
246,17377,United Kingdom,233.85,11,21.26
247,13722,United Kingdom,233.4,2,116.7
248,13050,United Kingdom,232.08,10,23.21
249,14944,United Kingdom,231.1,6,38.52
250,14673,United Kingdom,230.05,4,57.51
251,15581,United Kingdom,229.88000000000002,3,76.63
252,15144,United Kingdom,229.4,6,38.23
253,18073,United Kingdom,228.96,1,228.96
254,13018,United Kingdom,228.2,11,20.75
255,18139,United Kingdom,227.39999999999998,3,75.8
256,17107,United Kingdom,225.01,5,45.0
257,14227,United Kingdom,224.2,7,32.03
258,14503,United Kingdom,223.82,5,44.76
259,17183,United Kingdom,223.07999999999998,3,74.36
260,14401,United Kingdom,221.16,8,27.64
261,18229,United Kingdom,221.1,6,36.85
262,16945,United Kingdom,220.54,8,27.57
263,12397,Belgium,219.85,1,219.85
264,18109,United Kingdom,218.95,16,13.68
265,13952,United Kingdom,218.6,2,109.3
266,14191,United Kingdom,218.5,8,27.31
267,12409,Switzerland,216.84,2,108.42
268,12704,Finland,216.28,6,36.05
269,13263,United Kingdom,214.72,25,8.59
270,17384,United Kingdom,214.2,1,214.2
271,12685,France,212.26,4,53.06
272,17686,United Kingdom,211.95,5,42.39
273,13468,United Kingdom,210.97,10,21.1
274,13004,United Kingdom,210.96,11,19.18
275,12627,Germany,210.57999999999998,6,35.1
276,12395,Belgium,210.27,7,30.04
277,12754,Japan,210.03,3,70.01
278,12619,Germany,209.82,2,104.91
279,12356,Portugal,208.4,1,208.4
280,15301,United Kingdom,207.85,7,29.69
281,12867,United Kingdom,207.75,6,34.62
282,18173,United Kingdom,207.5,1,207.5
283,15874,United Kingdom,207.2,3,69.07
284,14553,United Kingdom,207.0,3,69.0
285,15606,United Kingdom,205.8,3,68.6
286,16145,United Kingdom,205.4,6,34.23
287,17061,United Kingdom,204.95,2,102.48
288,12461,Switzerland,204.56,2,102.28
289,17669,United Kingdom,204.2,2,102.1
290,17163,United Kingdom,204.0,2,102.0
291,13748,United Kingdom,204.0,1,204.0
292,18194,United Kingdom,204.0,1,204.0
293,18064,United Kingdom,204.0,1,204.0
294,14147,United Kingdom,204.0,1,204.0
295,17364,United Kingdom,203.42000000000002,7,29.06
296,15023,United Kingdom,202.07999999999998,9,22.45
297,16626,United Kingdom,201.8,8,25.22
298,12370,Cyprus,201.72,3,67.24
299,13426,United Kingdom,200.54,6,33.42
300,16265,United Kingdom,200.48,5,40.1
301,12431,Australia,200.36,7,28.62
302,12585,Germany,199.7,2,99.85
303,16931,United Kingdom,199.01,16,12.44
304,13562,United Kingdom,198.95,2,99.48
305,13139,United Kingdom,198.3,5,39.66
306,16327,United Kingdom,198.1,6,33.02
307,17758,United Kingdom,198.03,6,33.01
308,13658,United Kingdom,198.0,3,66.0
309,13975,United Kingdom,197.78,5,39.56
310,14849,United Kingdom,197.22,7,28.17
311,15786,United Kingdom,196.15,2,98.08
312,15621,United Kingdom,195.7,1,195.7
313,13759,United Kingdom,195.67,1,195.67
314,14907,United Kingdom,195.62,4,48.9
315,12362,Belgium,195.6,7,27.94
316,14562,United Kingdom,195.48,12,16.29
317,15298,United Kingdom,194.76,8,24.34
318,17937,United Kingdom,194.4,2,97.2
319,14667,United Kingdom,193.10999999999999,13,14.85
320,14229,United Kingdom,190.2,1,190.2
321,17951,United Kingdom,190.2,2,95.1
322,12357,Switzerland,189.69,1,189.69
323,13871,United Kingdom,189.48,7,27.07
324,13505,Switzerland,189.28,3,63.09
325,15218,United Kingdom,188.9,5,37.78
326,15903,United Kingdom,187.68,3,62.56
327,12405,Finland,187.62,1,187.62
328,14004,United Kingdom,187.3,6,31.22
329,17490,United Kingdom,186.6,2,93.3
330,13890,United Kingdom,186.26,7,26.61
331,15288,United Kingdom,185.78,3,61.93
332,13013,United Kingdom,185.70000000000002,5,37.14
333,13422,United Kingdom,184.98,1,184.98
334,17588,United Kingdom,184.42000000000002,2,92.21
335,15071,United Kingdom,183.60000000000002,2,91.8
336,17828,Malta,183.4,1,183.4
337,14092,United Kingdom,181.95,6,30.32
338,16156,United Kingdom,181.6,2,90.8
339,12957,United Kingdom,181.51,5,36.3
340,13269,United Kingdom,181.44,8,22.68
341,14221,United Kingdom,181.3,5,36.26
342,16218,United Kingdom,181.16,5,36.23
343,12476,Germany,180.78,4,45.2
344,16377,United Kingdom,180.0,1,180.0
345,13102,United Kingdom,179.14000000000001,9,19.9
346,14085,United Kingdom,179.08,9,19.9
347,13704,United Kingdom,178.93,8,22.37
348,17338,United Kingdom,176.87,8,22.11
349,14711,United Kingdom,176.33,9,19.59
350,17644,United Kingdom,176.1,7,25.16
351,12536,France,175.91,1,175.91
352,12352,Norway,175.7,5,35.14
353,14852,United Kingdom,175.45,4,43.86
354,13862,United Kingdom,175.31,4,43.83
355,17040,United Kingdom,175.2,1,175.2
356,12839,United Kingdom,173.6,9,19.29
357,13015,United Kingdom,173.0,4,43.25
358,17648,United Kingdom,172.8,3,57.6
359,17084,United Kingdom,172.48000000000002,2,86.24
360,15484,United Kingdom,172.35,4,43.09
361,16293,United Kingdom,171.66,7,24.52
362,17799,United Kingdom,171.54,8,21.44
363,16871,United Kingdom,170.78,5,34.16
364,16303,United Kingdom,170.0,2,85.0
365,14546,United Kingdom,169.97,5,33.99
366,17230,United Kingdom,169.9,3,56.63
367,13758,United Kingdom,169.6,4,42.4
368,12483,Sweden,169.44,2,84.72
369,15150,United Kingdom,169.28,7,24.18
370,17426,United Kingdom,169.28,4,42.32
371,12500,Germany,167.76,2,83.88
372,13437,United Kingdom,167.76,5,33.55
373,15676,United Kingdom,166.95,2,83.48
374,12569,Germany,166.44,7,23.78
375,13461,United Kingdom,166.4,2,83.2
376,15382,United Kingdom,166.24,5,33.25
377,13325,United Kingdom,166.0,1,166.0
378,17068,United Kingdom,165.85,7,23.69
379,12747,United Kingdom,165.8,5,33.16
380,15694,United Kingdom,165.60000000000002,3,55.2
381,13225,United Kingdom,165.0,1,165.0
382,14239,United Kingdom,165.0,4,41.25
383,14132,United Kingdom,164.96,7,23.57
384,13644,United Kingdom,163.69,4,40.92
385,15708,United Kingdom,163.55,7,23.36
386,15249,United Kingdom,163.4,7,23.34
387,15752,United Kingdom,163.03,6,27.17
388,18225,United Kingdom,162.35,7,23.19
389,17591,United Kingdom,162.05,5,32.41
390,13450,United Kingdom,161.7,4,40.42
391,16281,United Kingdom,161.4,1,161.4
392,17690,United Kingdom,160.45000000000002,3,53.48
393,12928,United Kingdom,160.2,3,53.4
394,12502,Spain,160.15,4,40.04
395,18079,United Kingdom,160.08,2,80.04
396,16928,United Kingdom,159.95,8,19.99
397,13654,United Kingdom,159.94,6,26.66
398,18223,United Kingdom,159.86,4,39.97
399,15547,United Kingdom,159.79,12,13.32
400,14329,United Kingdom,159.46,6,26.58
401,18198,United Kingdom,159.22,5,31.84
402,15555,United Kingdom,158.95000000000002,13,12.23
403,17730,United Kingdom,158.94,7,22.71
404,17696,United Kingdom,157.6,2,78.8
405,13137,United Kingdom,157.56,8,19.7
406,12562,France,157.3,4,39.33
407,14388,United Kingdom,157.0,4,39.25
408,13630,United Kingdom,156.6,4,39.15
409,13069,United Kingdom,156.6,11,14.24
410,15033,United Kingdom,156.56,8,19.57
411,14180,United Kingdom,155.95,9,17.33
412,17211,United Kingdom,155.71,7,22.24
413,12841,United Kingdom,155.57999999999998,8,19.45
414,14112,United Kingdom,155.3,5,31.06
415,18245,United Kingdom,155.12,5,31.02
416,15194,United Kingdom,154.94,7,22.13
417,17050,United Kingdom,154.93,5,30.99
418,14121,United Kingdom,154.68,4,38.67
419,14505,United Kingdom,154.24,8,19.28
420,17722,United Kingdom,154.13,4,38.53
421,17504,United Kingdom,153.8,3,51.27
422,15704,United Kingdom,153.68,3,51.23
423,13267,United Kingdom,153.65,7,21.95
424,18118,United Kingdom,152.21,23,6.62
425,14395,United Kingdom,152.06,7,21.72
426,13124,United Kingdom,151.56,3,50.52
427,16150,United Kingdom,150.95,3,50.32
428,14235,United Kingdom,150.29999999999998,3,50.1
429,17850,United Kingdom,150.1,6,25.02
430,14209,United Kingdom,149.3,4,37.33
431,14525,United Kingdom,148.86,4,37.22
432,14456,United Kingdom,148.68,9,16.52
433,16019,United Kingdom,147.69,3,49.23
434,14422,United Kingdom,147.36,2,73.68
435,14159,United Kingdom,147.29,10,14.73
436,17419,United Kingdom,147.25,5,29.45
437,16170,United Kingdom,146.96,5,29.39
438,17002,United Kingdom,146.4,3,48.8
439,13880,United Kingdom,146.4,6,24.4
440,17567,United Kingdom,146.15,4,36.54
441,17873,United Kingdom,145.79999999999998,3,48.6
442,12691,France,145.5,1,145.5
443,16985,United Kingdom,145.35,3,48.45
444,14189,United Kingdom,145.32,7,20.76
445,17530,United Kingdom,144.4,8,18.05
446,15518,United Kingdom,144.15,6,24.02
447,13534,United Kingdom,143.9,6,23.98
448,15485,United Kingdom,143.74,3,47.91
449,12744,Singapore,143.5,4,35.88
450,12670,France,143.4,3,47.8
451,15865,United Kingdom,143.4,2,71.7
452,12949,United Kingdom,143.16,4,35.79
453,14700,United Kingdom,143.03,3,47.68
454,16818,United Kingdom,142.35,8,17.79
455,14390,United Kingdom,142.12,5,28.42
456,14032,United Kingdom,142.0,4,35.5
457,14257,United Kingdom,141.69,3,47.23
458,14434,United Kingdom,141.6,1,141.6
459,16549,United Kingdom,141.59,10,14.16
460,15738,United Kingdom,141.47,5,28.29
461,13814,Germany,141.0,2,70.5
462,17049,United Kingdom,140.22,7,20.03
463,17725,United Kingdom,140.19,5,28.04
464,15955,United Kingdom,139.86,5,27.97
465,12518,Germany,139.64,5,27.93
466,18226,United Kingdom,139.63,5,27.93
467,13527,United Kingdom,139.4,6,23.23
468,13842,United Kingdom,138.66,4,34.66
469,16186,United Kingdom,138.6,5,27.72
470,16316,United Kingdom,138.54,3,46.18
471,18251,United Kingdom,138.24,1,138.24
472,17268,United Kingdom,138.24,1,138.24
473,15755,United Kingdom,137.6,3,45.87
474,18257,United Kingdom,137.49,4,34.37
475,15861,United Kingdom,137.32,7,19.62
476,13536,United Kingdom,137.18,6,22.86
477,15719,United Kingdom,137.08,12,11.42
478,12370,Austria,137.0,1,137.0
479,17302,United Kingdom,136.54999999999998,4,34.14
480,14439,Greece,136.5,1,136.5
481,16242,United Kingdom,136.42000000000002,3,45.47
482,16790,United Kingdom,136.25,3,45.42
483,17147,United Kingdom,136.05,2,68.03
484,18041,United Kingdom,135.8,8,16.98
485,17131,United Kingdom,135.45,3,45.15
486,14732,United Kingdom,134.65,5,26.93
487,14459,United Kingdom,134.2,1,134.2
488,17920,United Kingdom,133.76,12,11.15
489,17076,United Kingdom,133.2,2,66.6
490,16940,United Kingdom,132.83,3,44.28
491,17365,United Kingdom,132.8,6,22.13
492,14530,United Kingdom,132.5,6,22.08
493,18231,United Kingdom,132.5,4,33.12
494,16607,United Kingdom,132.3,7,18.9
495,16700,United Kingdom,132.28,7,18.9
496,12520,Germany,132.02,3,44.01
497,15024,United Kingdom,131.95,5,26.39
498,12598,France,131.33,5,26.27
499,14462,United Kingdom,131.24,7,18.75
500,12749,United Kingdom,130.9,4,32.72
501,16609,United Kingdom,130.85,3,43.62
502,13448,United Kingdom,130.6,3,43.53
503,16712,United Kingdom,130.49,7,18.64
504,12779,Poland,130.16,4,32.54
505,15136,United Kingdom,130.02,3,43.34
506,13418,United Kingdom,129.96,6,21.66
507,12484,Spain,129.6,4,32.4
508,15271,United Kingdom,128.82,8,16.1
509,13769,United Kingdom,128.35000000000002,3,42.78
510,15398,United Kingdom,128.26,2,64.13
511,15410,United Kingdom,128.2,3,42.73
512,14748,United Kingdom,128.15,5,25.63
513,16011,United Kingdom,127.95,5,25.59
514,13148,United Kingdom,127.89,6,21.32
515,16497,United Kingdom,127.74,4,31.94
516,13038,United Kingdom,127.5,2,63.75
517,14702,United Kingdom,127.4,7,18.2
518,16553,United Kingdom,126.36,3,42.12
519,12955,United Kingdom,126.36,5,25.27
520,13994,United Kingdom,126.27,4,31.57
521,13451,United Kingdom,126.13,5,25.23
522,15491,United Kingdom,125.94,5,25.19
523,12714,France,125.84,5,25.17
524,13988,United Kingdom,125.78,4,31.44
525,18210,United Kingdom,125.52000000000001,2,62.76
526,17223,United Kingdom,125.42,2,62.71
527,14493,United Kingdom,125.28,4,31.32
528,17238,United Kingdom,125.13,11,11.38
529,15021,United Kingdom,125.04,8,15.63
530,17519,United Kingdom,124.8,2,62.4
531,17096,United Kingdom,124.69999999999999,3,41.57
532,18260,United Kingdom,124.65,5,24.93
533,13493,Switzerland,124.5,2,62.25
534,12534,Germany,123.9,1,123.9
535,14049,United Kingdom,123.78999999999999,4,30.95
536,15373,United Kingdom,123.45,5,24.69
537,16083,United Kingdom,123.36,2,61.68
538,17173,United Kingdom,123.3,1,123.3
539,16686,United Kingdom,123.19,6,20.53
540,14701,United Kingdom,122.79,6,20.46
541,17625,United Kingdom,122.50999999999999,4,30.63
542,16533,United Kingdom,122.27,3,40.76
543,13268,United Kingdom,122.24,6,20.37
544,13523,United Kingdom,121.68,4,30.42
545,13700,United Kingdom,121.39,4,30.35
546,12721,France,120.35,3,40.12
547,17862,United Kingdom,120.0,1,120.0
548,13362,United Kingdom,119.48,4,29.87
549,17220,United Kingdom,119.38,10,11.94
550,15998,United Kingdom,119.2,5,23.84
551,16814,United Kingdom,118.9,8,14.86
552,15804,United Kingdom,118.84,3,39.61
553,16319,United Kingdom,118.8,1,118.8
554,12380,Belgium,118.61,3,39.54
555,16880,United Kingdom,118.55,5,23.71
556,14524,United Kingdom,118.4,5,23.68
557,14250,United Kingdom,118.24,2,59.12
558,15123,United Kingdom,117.9,2,58.95
559,12423,Belgium,117.82,7,16.83
560,16919,United Kingdom,117.79,10,11.78
561,12444,Norway,117.75999999999999,3,39.25
562,13082,United Kingdom,117.66,2,58.83
563,14107,United Kingdom,117.42,4,29.36
564,15993,United Kingdom,117.31,5,23.46
565,14713,United Kingdom,117.17,9,13.02
566,16764,United Kingdom,117.13,11,10.65
567,13659,United Kingdom,116.88,2,58.44
568,16205,United Kingdom,116.66,3,38.89
569,17719,United Kingdom,116.57,6,19.43
570,16743,United Kingdom,116.47999999999999,6,19.41
571,15687,United Kingdom,116.3,6,19.38
572,17491,United Kingdom,115.65,4,28.91
573,17651,United Kingdom,115.34,4,28.84
574,14770,United Kingdom,115.17,2,57.58
575,14626,United Kingdom,115.15,4,28.79
576,12694,France,114.4,2,57.2
577,15411,United Kingdom,114.36,4,28.59
578,16717,United Kingdom,113.95,3,37.98
579,12407,Belgium,113.85,2,56.92
580,17069,United Kingdom,113.79,5,22.76
581,12610,Italy,113.75,3,37.92
582,14639,United Kingdom,113.7,5,22.74
583,16458,United Kingdom,113.5,5,22.7
584,14262,United Kingdom,113.4,3,37.8
585,12480,Germany,113.15,4,28.29
586,13632,United Kingdom,113.11,5,22.62
587,16556,United Kingdom,112.83,3,37.61
588,15811,United Kingdom,112.62,5,22.52
589,15241,United Kingdom,112.5,4,28.12
590,12688,Israel,112.4,1,112.4
591,17058,United Kingdom,112.25,2,56.12
592,15073,United Kingdom,112.23000000000002,2,56.12
593,17213,United Kingdom,112.14,5,22.43
594,17663,United Kingdom,111.55,3,37.18
595,14752,United Kingdom,111.24000000000001,1,111.24
596,12524,Germany,111.24,4,27.81
597,16904,United Kingdom,111.12,9,12.35
598,17402,United Kingdom,111.1,5,22.22
599,17997,United Kingdom,109.82000000000001,4,27.46
600,12412,Denmark,109.56,2,54.78
601,14286,United Kingdom,109.5,2,54.75
602,14844,United Kingdom,109.39999999999999,3,36.47
603,13014,United Kingdom,109.35,3,36.45
604,13344,United Kingdom,109.2,2,54.6
605,13895,United Kingdom,109.19999999999999,2,54.6
606,14669,United Kingdom,109.14999999999999,3,36.38
607,17001,United Kingdom,109.08,4,27.27
608,16360,United Kingdom,109.04,5,21.81
609,14282,United Kingdom,109.0,5,21.8
610,12727,France,108.84,3,36.28
611,17115,United Kingdom,108.55,2,54.28
612,13330,United Kingdom,108.36,2,54.18
613,13384,United Kingdom,108.17999999999999,3,36.06
614,14101,United Kingdom,108.16,1,108.16
615,13756,United Kingdom,108.0,4,27.0
616,15696,United Kingdom,107.84,4,26.96
617,13725,United Kingdom,107.8,3,35.93
618,13999,United Kingdom,107.75,5,21.55
619,12712,Germany,107.7,2,53.85
620,13334,United Kingdom,107.65,3,35.88
621,16153,United Kingdom,107.6,2,53.8
622,17282,United Kingdom,107.35,2,53.68
623,13811,Germany,107.25,2,53.62
624,15722,United Kingdom,107.1,2,53.55
625,12449,Belgium,107.08,2,53.54
626,13593,United Kingdom,107.05,4,26.76
627,14842,United Kingdom,106.75,2,53.38
628,15674,United Kingdom,105.86,2,52.93
629,13183,United Kingdom,105.8,2,52.9
630,13982,United Kingdom,105.75,3,35.25
631,15563,United Kingdom,105.34,2,52.67
632,18065,United Kingdom,105.2,5,21.04
633,16241,United Kingdom,105.14,9,11.68
634,17180,United Kingdom,105.13,3,35.04
635,16098,United Kingdom,105.0,3,35.0
636,13949,United Kingdom,105.0,4,26.25
637,17214,United Kingdom,104.8,4,26.2
638,14533,United Kingdom,104.0,1,104.0
639,14963,United Kingdom,103.88,5,20.78
640,14240,United Kingdom,103.68,1,103.68
641,14210,United Kingdom,103.56,5,20.71
642,13435,United Kingdom,103.53,2,51.76
643,16837,United Kingdom,103.45,5,20.69
644,16767,United Kingdom,103.4,5,20.68
645,17410,United Kingdom,103.2,4,25.8
646,14334,United Kingdom,102.9,5,20.58
647,15493,United Kingdom,102.84,4,25.71
648,14628,United Kingdom,102.6,2,51.3
649,12517,Germany,102.53,4,25.63
650,12464,Belgium,102.3,2,51.15
651,15867,United Kingdom,102.28,10,10.23
652,12429,Denmark,102.18,2,51.09
653,13136,United Kingdom,102.1,2,51.05
654,15727,United Kingdom,102.07000000000001,5,20.41
655,15505,United Kingdom,102.06,3,34.02
656,17787,United Kingdom,102.05,4,25.51
657,13976,United Kingdom,102.02,1,102.02
658,13416,United Kingdom,102.0,2,51.0
659,16146,United Kingdom,102.0,1,102.0
660,15075,United Kingdom,102.0,1,102.0
661,14015,United Kingdom,102.0,1,102.0
662,16276,United Kingdom,102.0,1,102.0
663,12873,United Kingdom,102.0,1,102.0
664,15480,Malta,101.92999999999999,1,101.93
665,17672,United Kingdom,101.89999999999999,2,50.95
666,14211,United Kingdom,101.44,4,25.36
667,16682,United Kingdom,101.4,1,101.4
668,13126,United Kingdom,101.08,3,33.69
669,17449,United Kingdom,101.07,5,20.21
670,16389,United Kingdom,100.80000000000001,1,100.8
671,15152,United Kingdom,100.19999999999999,6,16.7
672,17272,United Kingdom,99.6,1,99.6
673,13703,United Kingdom,99.5,1,99.5
674,17314,United Kingdom,99.5,3,33.17
675,12662,Germany,99.4,5,19.88
676,13735,United Kingdom,99.32,3,33.11
677,16440,United Kingdom,99.22,3,33.07
678,16283,United Kingdom,99.11,4,24.78
679,14572,United Kingdom,98.94999999999999,3,32.98
680,14146,United Kingdom,98.53999999999999,5,19.71
681,16464,United Kingdom,98.42,3,32.81
682,14676,United Kingdom,98.16,3,32.72
683,13730,United Kingdom,98.05,2,49.02
684,17311,United Kingdom,97.96000000000001,1,97.96
685,15149,United Kingdom,97.95,1,97.95
686,15244,United Kingdom,97.8,2,48.9
687,14291,United Kingdom,97.8,4,24.45
688,16326,United Kingdom,97.79,5,19.56
689,16633,United Kingdom,97.75,2,48.88
690,12758,Portugal,97.5,2,48.75
691,14016,EIRE,97.35,1,97.35
692,15502,United Kingdom,97.28,4,24.32
693,16494,United Kingdom,97.24,1,97.24
694,16128,United Kingdom,97.2,3,32.4
695,13538,United Kingdom,97.2,2,48.6
696,12501,Germany,97.14999999999999,1,97.15
697,13376,United Kingdom,97.05000000000001,2,48.53
698,18179,United Kingdom,97.0,2,48.5
699,12615,France,96.76,3,32.25
700,12843,United Kingdom,96.75,2,48.38
701,14226,United Kingdom,96.60000000000001,1,96.6
702,12516,Germany,96.5,2,48.25
703,14035,United Kingdom,96.34,3,32.11
704,17346,United Kingdom,96.33,12,8.03
705,12733,USA,96.3,1,96.3
706,13911,United Kingdom,96.18,6,16.03
707,16348,United Kingdom,96.14,4,24.04
708,14659,United Kingdom,96.1,5,19.22
709,13692,United Kingdom,95.88,2,47.94
710,14243,United Kingdom,95.55,3,31.85
711,18024,United Kingdom,95.4,1,95.4
712,15570,United Kingdom,95.4,4,23.85
713,16057,United Kingdom,95.4,3,31.8
714,18219,United Kingdom,95.22,4,23.8
715,18145,United Kingdom,95.06,4,23.76
716,17160,United Kingdom,95.03999999999999,5,19.01
717,13507,United Kingdom,94.75,3,31.58
718,12594,Italy,94.7,2,47.35
719,16393,United Kingdom,94.4,6,15.73
720,17728,United Kingdom,94.38,2,47.19
721,13614,United Kingdom,94.36,3,31.45
722,12434,Australia,94.29,2,47.14
723,12455,Cyprus,94.1,1,94.1
724,15203,United Kingdom,94.06,4,23.52
725,13878,United Kingdom,93.9,1,93.9
726,14397,United Kingdom,93.6,1,93.6
727,13856,United Kingdom,93.6,1,93.6
728,14336,United Kingdom,93.06,2,46.53
729,15530,United Kingdom,93.05,3,31.02
730,12647,Germany,92.94,3,30.98
731,14175,United Kingdom,92.88,3,30.96
732,16253,United Kingdom,92.76,2,46.38
733,14856,United Kingdom,92.75,2,46.38
734,14930,Channel Islands,92.1,1,92.1
735,13652,United Kingdom,91.98,3,30.66
736,12951,United Kingdom,91.84,3,30.61
737,15380,United Kingdom,91.8,1,91.8
738,17231,United Kingdom,91.63,10,9.16
739,12885,United Kingdom,91.4,2,45.7
740,17673,United Kingdom,91.31,6,15.22
741,17611,United Kingdom,91.03,9,10.11
742,17734,United Kingdom,90.1,2,45.05
743,13213,United Kingdom,90.02,4,22.5
744,15482,United Kingdom,90.0,1,90.0
745,14885,United Kingdom,90.0,1,90.0
746,15341,United Kingdom,90.0,1,90.0
747,13310,United Kingdom,89.92,3,29.97
748,12488,France,89.6,3,29.87
749,13373,United Kingdom,89.55,2,44.78
750,12856,United Kingdom,89.41,5,17.88
751,16670,United Kingdom,89.4,4,22.35
752,16115,United Kingdom,89.39,6,14.9
753,15677,United Kingdom,89.36,1,89.36
754,12363,Unspecified,89.16,1,89.16
755,12640,France,89.0,2,44.5
756,15407,United Kingdom,89.0,3,29.67
757,16570,United Kingdom,88.98,3,29.66
758,13555,United Kingdom,88.88,2,44.44
759,14759,United Kingdom,88.8,2,44.4
760,15114,United Kingdom,88.8,5,17.76
761,14383,United Kingdom,88.72,2,44.36
762,13571,United Kingdom,88.65,7,12.66
763,18283,United Kingdom,88.64,12,7.39
764,12462,Spain,88.64,2,44.32
765,12432,Norway,88.6,3,29.53
766,14426,United Kingdom,88.58,5,17.72
767,13634,United Kingdom,88.50999999999999,3,29.5
768,13186,United Kingdom,88.5,2,44.25
769,13240,United Kingdom,88.35,3,29.45
770,13162,United Kingdom,88.31,3,29.44
771,14309,United Kingdom,88.25999999999999,5,17.65
772,12679,France,88.25,1,88.25
773,15834,United Kingdom,88.2,3,29.4
774,12724,France,88.1,3,29.37
775,12576,Poland,87.95,4,21.99
776,16531,United Kingdom,87.9,3,29.3
777,17813,United Kingdom,87.71,4,21.93
778,16466,United Kingdom,87.61999999999999,6,14.6
779,17486,United Kingdom,87.6,1,87.6
780,15093,United Kingdom,87.54,2,43.77
781,16628,United Kingdom,87.4,2,43.7
782,15628,United Kingdom,87.3,3,29.1
783,12424,Australia,87.3,1,87.3
784,16260,United Kingdom,86.9,1,86.9
785,18168,United Kingdom,86.7,5,17.34
786,13305,United Kingdom,86.69999999999999,2,43.35
787,12528,Germany,86.6,3,28.87
788,16477,United Kingdom,86.55,4,21.64
789,16719,United Kingdom,86.45,6,14.41
790,12599,France,86.16,4,21.54
791,15416,United Kingdom,85.64999999999999,3,28.55
792,17406,United Kingdom,85.64999999999999,2,42.82
793,18069,United Kingdom,85.42,5,17.08
794,15464,United Kingdom,85.31,1,85.31
795,15681,United Kingdom,85.2,4,21.3
796,12408,Belgium,85.08,2,42.54
797,14400,United Kingdom,85.0,1,85.0
798,15172,United Kingdom,84.82,5,16.96
799,17731,United Kingdom,84.8,3,28.27
800,16401,United Kingdom,84.7,6,14.12
801,16984,United Kingdom,84.66,2,42.33
802,18136,United Kingdom,84.4,2,42.2
803,17858,United Kingdom,84.3,5,16.86
804,12455,Spain,84.3,3,28.1
805,17769,United Kingdom,84.24000000000001,6,14.04
806,17634,United Kingdom,84.06,7,12.01
807,12507,Spain,84.0,1,84.0
808,14739,United Kingdom,83.88,3,27.96
809,17827,United Kingdom,83.75,3,27.92
810,14167,United Kingdom,83.7,4,20.92
811,12668,Germany,83.7,3,27.9
812,17191,United Kingdom,83.52,5,16.7
813,15444,United Kingdom,83.41,2,41.7
814,16341,United Kingdom,83.2,1,83.2
815,17552,United Kingdom,82.92,2,41.46
816,17400,United Kingdom,82.79,3,27.6
817,12421,Spain,82.6,3,27.53
818,16614,United Kingdom,82.5,1,82.5
819,13933,United Kingdom,82.5,1,82.5
820,16320,Unspecified,82.5,1,82.5
821,14514,United Kingdom,82.45,2,41.22
822,14078,United Kingdom,82.4,3,27.47
823,13771,United Kingdom,82.28,2,41.14
824,17387,United Kingdom,82.12,2,41.06
825,16103,United Kingdom,82.1,1,82.1
826,13577,United Kingdom,82.1,4,20.52
827,15981,United Kingdom,81.8,2,40.9
828,16671,United Kingdom,81.75,1,81.75
829,13232,United Kingdom,81.72999999999999,4,20.43
830,14730,United Kingdom,81.65,5,16.33
831,14912,Italy,81.6,1,81.6
832,16380,United Kingdom,81.6,1,81.6
833,12999,United Kingdom,81.54,2,40.77
834,17205,United Kingdom,81.47999999999999,1,81.48
835,12840,United Kingdom,81.4,3,27.13
836,16038,United Kingdom,81.35,2,40.67
837,15521,United Kingdom,81.25,6,13.54
838,15648,United Kingdom,81.15,2,40.58
839,14522,United Kingdom,81.12,1,81.12
840,15379,United Kingdom,81.06,5,16.21
841,18094,United Kingdom,81.0,2,40.5
842,15312,United Kingdom,81.0,2,40.5
843,17453,United Kingdom,81.0,2,40.5
844,12782,Portugal,81.0,3,27.0
845,13610,United Kingdom,80.95,7,11.56
846,13655,United Kingdom,80.85,2,40.42
847,13492,Switzerland,80.7,2,40.35
848,13986,United Kingdom,80.64,1,80.64
849,16618,United Kingdom,80.47999999999999,2,40.24
850,12757,Portugal,80.24,4,20.06
851,18237,United Kingdom,80.14,3,26.71
852,13802,United Kingdom,80.1,2,40.05
853,18097,United Kingdom,80.1,3,26.7
854,15235,United Kingdom,80.09,2,40.04
855,16210,United Kingdom,80.08,4,20.02
856,17966,United Kingdom,80.05,3,26.68
857,15122,United Kingdom,80.03999999999999,2,40.02
858,14535,United Kingdom,79.93,3,26.64
859,14643,United Kingdom,79.9,2,39.95
860,13647,United Kingdom,79.6,2,39.8
861,16255,United Kingdom,79.42,5,15.88
862,17288,United Kingdom,79.28999999999999,2,39.64
863,17554,United Kingdom,79.25,2,39.62
864,16966,United Kingdom,79.2,1,79.2
865,17666,United Kingdom,79.2,1,79.2
866,16905,United Kingdom,79.17,5,15.83
867,17965,United Kingdom,79.09,10,7.91
868,17954,United Kingdom,79.03,9,8.78
869,15544,United Kingdom,79.02,5,15.8
870,16992,United Kingdom,79.0,4,19.75
871,15803,United Kingdom,78.96,1,78.96
872,17043,United Kingdom,78.95,2,39.48
873,15214,United Kingdom,78.92,4,19.73
874,15494,United Kingdom,78.79,1,78.79
875,13174,United Kingdom,78.66,3,26.22
876,13761,United Kingdom,78.6,2,39.3
877,17444,Canada,78.44999999999999,2,39.22
878,15415,United Kingdom,78.27,1,78.27
879,12952,United Kingdom,77.85,3,25.95
880,16081,United Kingdom,77.8,3,25.93
881,12378,Switzerland,77.6,1,77.6
882,13021,United Kingdom,77.5,3,25.83
883,12560,Germany,77.5,2,38.75
884,16169,United Kingdom,77.5,3,25.83
885,12479,Germany,77.4,1,77.4
886,13588,United Kingdom,77.25999999999999,4,19.31
887,14547,United Kingdom,77.22999999999999,4,19.31
888,13752,United Kingdom,77.1,1,77.1
889,12948,United Kingdom,77.03999999999999,3,25.68
890,14810,United Kingdom,76.99,5,15.4
891,17656,United Kingdom,76.75999999999999,1,76.76
892,16813,United Kingdom,76.71,9,8.52
893,13094,United Kingdom,76.32,1,76.32
894,18204,United Kingdom,76.3,3,25.43
895,15128,United Kingdom,76.15,3,25.38
896,15281,United Kingdom,76.15,3,25.38
897,16951,United Kingdom,76.02,3,25.34
898,15757,United Kingdom,75.97,2,37.98
899,16987,United Kingdom,75.95,3,25.32
900,15065,United Kingdom,75.9,1,75.9
901,14931,Channel Islands,75.9,3,25.3
902,14653,United Kingdom,75.86,3,25.29
903,17838,United Kingdom,75.84,2,37.92
904,12413,France,75.8,3,25.27
905,17744,United Kingdom,75.68,3,25.23
906,12963,United Kingdom,75.61,3,25.2
907,12571,France,75.6,2,37.8
908,16681,United Kingdom,75.6,1,75.6
909,16235,United Kingdom,75.45,2,37.72
910,17667,United Kingdom,75.32000000000001,2,37.66
911,18230,United Kingdom,75.3,4,18.82
912,17164,United Kingdom,75.24000000000001,3,25.08
913,18241,United Kingdom,75.19999999999999,4,18.8
914,12609,Germany,75.15,2,37.58
915,13869,United Kingdom,75.06,3,25.02
916,15529,United Kingdom,75.03,8,9.38
917,15067,United Kingdom,74.94,2,37.47
918,13208,United Kingdom,74.9,3,24.97
919,18030,United Kingdom,74.85,1,74.85
920,18130,United Kingdom,74.82,2,37.41
921,14217,United Kingdom,74.8,4,18.7
922,16370,United Kingdom,74.76,4,18.69
923,17652,United Kingdom,74.71,5,14.94
924,14245,United Kingdom,74.66,2,37.33
925,17589,United Kingdom,74.55000000000001,3,24.85
926,15260,United Kingdom,74.2,2,37.1
927,17653,United Kingdom,74.2,2,37.1
928,13742,United Kingdom,74.11,5,14.82
929,15641,United Kingdom,74.08,2,37.04
930,15427,United Kingdom,74.06,3,24.69
931,12652,France,74.0,1,74.0
932,14116,United Kingdom,73.94999999999999,2,36.97
933,15532,United Kingdom,73.8,4,18.45
934,17059,United Kingdom,73.77,5,14.75
935,15002,United Kingdom,73.75,2,36.88
936,17088,United Kingdom,73.7,2,36.85
937,14256,United Kingdom,73.65,2,36.83
938,16938,United Kingdom,73.61,2,36.8
939,18075,United Kingdom,73.6,4,18.4
940,15443,United Kingdom,73.51,5,14.7
941,16398,United Kingdom,73.44999999999999,2,36.72
942,17863,United Kingdom,73.2,2,36.6
943,14040,United Kingdom,73.2,4,18.3
944,16362,United Kingdom,72.95,3,24.32
945,13993,United Kingdom,72.75,3,24.25
946,17228,United Kingdom,72.75,3,24.25
947,12710,Germany,72.7,3,24.23
948,16807,United Kingdom,72.66,3,24.22
949,18035,United Kingdom,72.49,2,36.24
950,12388,Australia,72.24,2,36.12
951,16409,United Kingdom,72.08,4,18.02
952,15372,United Kingdom,72.0,1,72.0
953,16358,United Kingdom,71.94,3,23.98
954,14502,United Kingdom,71.81,8,8.98
955,16455,United Kingdom,71.7,3,23.9
956,17655,United Kingdom,71.7,3,23.9
957,15636,United Kingdom,71.6,1,71.6
958,13332,United Kingdom,71.6,1,71.6
959,14640,United Kingdom,71.58,4,17.9
960,15321,United Kingdom,71.5,2,35.75
961,15665,United Kingdom,71.5,1,71.5
962,14903,United Kingdom,71.42999999999999,5,14.29
963,15392,United Kingdom,71.14,3,23.71
964,16650,United Kingdom,70.8,1,70.8
965,16546,United Kingdom,70.8,2,35.4
966,12882,United Kingdom,70.8,1,70.8
967,17597,United Kingdom,70.8,1,70.8
968,17427,United Kingdom,70.8,1,70.8
969,16441,United Kingdom,70.55,2,35.28
970,15370,United Kingdom,70.5,3,23.5
971,15549,United Kingdom,70.47,3,23.49
972,13171,United Kingdom,70.4,2,35.2
973,15265,United Kingdom,70.19999999999999,2,35.1
974,15632,United Kingdom,70.19999999999999,3,23.4
975,14215,United Kingdom,69.92999999999999,3,23.31
976,16376,United Kingdom,69.89,2,34.94
977,14565,United Kingdom,69.8,2,34.9
978,17499,United Kingdom,69.6,1,69.6
979,17819,United Kingdom,69.6,1,69.6
980,13117,United Kingdom,69.48,5,13.9
981,18228,United Kingdom,69.3,2,34.65
982,14432,United Kingdom,69.16,4,17.29
983,16256,United Kingdom,69.12,1,69.12
984,15585,United Kingdom,69.06,1,69.06
985,17042,United Kingdom,68.99,4,17.25
986,13599,United Kingdom,68.75,6,11.46
987,14595,United Kingdom,68.7,4,17.18
988,15106,United Kingdom,68.64,4,17.16
989,17015,United Kingdom,68.53999999999999,2,34.27
990,17218,United Kingdom,68.45,7,9.78
991,15589,United Kingdom,68.4,3,22.8
992,12775,Netherlands,68.34,4,17.08
993,17512,United Kingdom,68.2,3,22.73
994,12417,Belgium,68.0,3,22.67
995,16592,United Kingdom,68.0,5,13.6
996,15057,United Kingdom,68.0,1,68.0
997,14625,United Kingdom,68.0,2,34.0
998,15228,United Kingdom,67.86,4,16.96
999,16270,United Kingdom,67.8,1,67.8
1000,16279,United Kingdom,67.8,2,33.9
1001,17006,United Kingdom,67.7,2,33.85
1002,17158,United Kingdom,67.65,3,22.55
1003,16535,United Kingdom,67.56,1,67.56
1004,15594,United Kingdom,67.5,2,33.75
1005,13285,United Kingdom,67.3,2,33.65
1006,14591,United Kingdom,67.21,3,22.4
1007,14825,United Kingdom,67.2,4,16.8
1008,14246,United Kingdom,67.05,2,33.52
1009,16229,United Kingdom,66.9,2,33.45
1010,13110,United Kingdom,66.8,2,33.4
1011,12446,RSA,66.75,1,66.75
1012,18178,United Kingdom,66.7,2,33.35
1013,16240,United Kingdom,66.48,2,33.24
1014,15643,United Kingdom,66.4,1,66.4
1015,12853,United Kingdom,66.4,2,33.2
1016,15701,United Kingdom,66.16,3,22.05
1017,15948,United Kingdom,65.85,2,32.92
1018,12620,France,65.8,3,21.93
1019,16496,United Kingdom,65.78,3,21.93
1020,15763,United Kingdom,65.7,1,65.7
1021,12865,Austria,65.64,2,32.82
1022,14135,United Kingdom,65.61,3,21.87
1023,13184,United Kingdom,65.59,5,13.12
1024,16899,United Kingdom,65.45,3,21.82
1025,14819,United Kingdom,65.4,2,32.7
1026,13901,United Kingdom,65.4,1,65.4
1027,13429,United Kingdom,65.25,2,32.62
1028,16550,United Kingdom,65.25,4,16.31
1029,13198,United Kingdom,65.2,3,21.73
1030,18180,United Kingdom,64.92,3,21.64
1031,13489,United Kingdom,64.80000000000001,2,32.4
1032,13196,United Kingdom,64.74,1,64.74
1033,13744,United Kingdom,64.6,1,64.6
1034,15660,United Kingdom,64.5,2,32.25
1035,17324,United Kingdom,64.45,3,21.48
1036,17576,United Kingdom,64.41,10,6.44
1037,13012,United Kingdom,64.38,4,16.1
1038,13900,United Kingdom,64.16,3,21.39
1039,16734,United Kingdom,64.13,1,64.13
1040,15366,United Kingdom,64.0,2,32.0
1041,15841,United Kingdom,63.92,2,31.96
1042,17596,United Kingdom,63.82,4,15.96
1043,13230,United Kingdom,63.54,8,7.94
1044,16943,United Kingdom,63.5,2,31.75
1045,16617,United Kingdom,63.5,1,63.5
1046,14387,United Kingdom,63.5,1,63.5
1047,13486,United Kingdom,63.44,2,31.72
1048,16891,United Kingdom,63.34,5,12.67
1049,15539,United Kingdom,63.300000000000004,1,63.3
1050,13447,United Kingdom,63.3,2,31.65
1051,13134,United Kingdom,63.239999999999995,3,21.08
1052,13883,United Kingdom,63.21,3,21.07
1053,14841,United Kingdom,63.2,2,31.6
1054,14418,United Kingdom,63.18,3,21.06
1055,15747,United Kingdom,63.120000000000005,3,21.04
1056,14071,United Kingdom,63.1,5,12.62
1057,13719,United Kingdom,63.08,2,31.54
1058,17204,United Kingdom,63.06,1,63.06
1059,14232,United Kingdom,63.0,2,31.5
1060,17870,United Kingdom,62.97,6,10.5
1061,13265,United Kingdom,62.9,3,20.97
1062,13396,United Kingdom,62.88,2,31.44
1063,16143,United Kingdom,62.84,3,20.95
1064,15076,United Kingdom,62.730000000000004,1,62.73
1065,13627,United Kingdom,62.7,3,20.9
1066,17086,United Kingdom,62.7,4,15.68
1067,14184,United Kingdom,62.65,1,62.65
1068,12989,United Kingdom,62.440000000000005,2,31.22
1069,12933,United Kingdom,62.41,3,20.8
1070,15933,United Kingdom,62.34,2,31.17
1071,16402,United Kingdom,62.2,2,31.1
1072,12513,France,62.2,1,62.2
1073,17585,United Kingdom,62.15,3,20.72
1074,13875,United Kingdom,62.099999999999994,4,15.52
1075,14834,United Kingdom,62.04,2,31.02
1076,17459,United Kingdom,61.989999999999995,2,30.99
1077,15813,United Kingdom,61.86,2,30.93
1078,13517,United Kingdom,61.8,2,30.9
1079,15796,United Kingdom,61.8,2,30.9
1080,13365,United Kingdom,61.8,1,61.8
1081,16726,United Kingdom,61.72,3,20.57
1082,15028,United Kingdom,61.42,2,30.71
1083,14341,United Kingdom,61.28,2,30.64
1084,15356,United Kingdom,61.26,5,12.25
1085,16833,United Kingdom,61.25,2,30.62
1086,15950,United Kingdom,61.2,2,30.6
1087,18093,United Kingdom,61.2,1,61.2
1088,13227,United Kingdom,61.2,1,61.2
1089,15909,United Kingdom,61.2,1,61.2
1090,14753,United Kingdom,61.2,1,61.2
1091,16173,United Kingdom,61.15,3,20.38
1092,16442,United Kingdom,61.050000000000004,3,20.35
1093,14099,United Kingdom,61.04,5,12.21
1094,15630,United Kingdom,60.9,2,30.45
1095,18122,United Kingdom,60.82,6,10.14
1096,17676,United Kingdom,60.6,2,30.3
1097,13035,United Kingdom,60.599999999999994,2,30.3
1098,15985,United Kingdom,60.599999999999994,1,60.6
1099,12635,Germany,60.58,1,60.58
1100,15111,United Kingdom,60.55,2,30.28
1101,15847,United Kingdom,60.48,1,60.48
1102,18116,United Kingdom,60.43,6,10.07
1103,17434,United Kingdom,60.36,5,12.07
1104,17337,United Kingdom,60.31,3,20.1
1105,15764,United Kingdom,60.269999999999996,3,20.09
1106,16612,United Kingdom,60.16,3,20.05
1107,13939,United Kingdom,60.0,2,30.0
1108,13971,United Kingdom,60.0,3,20.0
1109,14164,United Kingdom,60.0,1,60.0
1110,16076,United Kingdom,59.85,3,19.95
1111,14557,United Kingdom,59.76,1,59.76
1112,13784,United Kingdom,59.76,1,59.76
1113,18077,United Kingdom,59.73,4,14.93
1114,14321,United Kingdom,59.699999999999996,3,19.9
1115,12597,Spain,59.620000000000005,3,19.87
1116,17703,United Kingdom,59.599999999999994,3,19.87
1117,18272,United Kingdom,59.55,3,19.85
1118,16917,United Kingdom,59.5,1,59.5
1119,18242,United Kingdom,59.400000000000006,1,59.4
1120,15782,United Kingdom,59.4,1,59.4
1121,14789,United Kingdom,59.4,1,59.4
1122,17094,United Kingdom,59.4,1,59.4
1123,13410,United Kingdom,59.4,1,59.4
1124,13248,United Kingdom,59.38,1,59.38
1125,16395,United Kingdom,59.29,4,14.82
1126,16948,United Kingdom,59.25,2,29.62
1127,15891,United Kingdom,59.18,1,59.18
1128,13467,United Kingdom,59.18,2,29.59
1129,12886,United Kingdom,58.980000000000004,2,29.49
1130,12726,France,58.98,3,19.66
1131,15394,United Kingdom,58.8,2,29.4
1132,13363,United Kingdom,58.8,2,29.4
1133,12489,France,58.75,1,58.75
1134,13048,United Kingdom,58.75,3,19.58
1135,17738,United Kingdom,58.68,3,19.56
1136,16710,United Kingdom,58.660000000000004,7,8.38
1137,15406,United Kingdom,58.650000000000006,2,29.33
1138,16942,United Kingdom,58.6,7,8.37
1139,18221,United Kingdom,58.55,2,29.28
1140,12684,France,58.5,3,19.5
1141,16295,United Kingdom,58.45,3,19.48
1142,13846,United Kingdom,58.35,3,19.45
1143,17720,United Kingdom,58.3,2,29.15
1144,17442,United Kingdom,58.2,2,29.1
1145,15468,United Kingdom,58.1,1,58.1
1146,17961,United Kingdom,57.95,6,9.66
1147,14125,United Kingdom,57.9,3,19.3
1148,13851,United Kingdom,57.9,2,28.95
1149,14657,United Kingdom,57.839999999999996,4,14.46
1150,14442,Channel Islands,57.599999999999994,1,57.6
1151,15625,United Kingdom,57.540000000000006,2,28.77
1152,13471,United Kingdom,57.49,2,28.74
1153,14621,United Kingdom,57.3,3,19.1
1154,13168,United Kingdom,57.17,3,19.06
1155,17114,United Kingdom,57.15,4,14.29
1156,15716,United Kingdom,57.14,3,19.05
1157,15906,United Kingdom,57.1,3,19.03
1158,12822,United Kingdom,57.1,1,57.1
1159,14883,United Kingdom,57.06,2,28.53
1160,14193,United Kingdom,57.0,2,28.5
1161,14766,United Kingdom,57.0,2,28.5
1162,17469,United Kingdom,57.0,3,19.0
1163,13728,United Kingdom,57.0,3,19.0
1164,13743,United Kingdom,57.0,2,28.5
1165,13431,United Kingdom,56.96,2,28.48
1166,15296,United Kingdom,56.95,3,18.98
1167,12828,United Kingdom,56.8,2,28.4
1168,14740,United Kingdom,56.7,3,18.9
1169,17886,United Kingdom,56.7,3,18.9
1170,14805,United Kingdom,56.6,3,18.87
1171,12456,Switzerland,56.58,3,18.86
1172,12759,Netherlands,56.5,2,28.25
1173,14583,United Kingdom,56.48,4,14.12
1174,14428,United Kingdom,56.44,4,14.11
1175,13995,United Kingdom,56.339999999999996,2,28.17
1176,13317,United Kingdom,56.24,3,18.75
1177,13764,United Kingdom,56.2,3,18.73
1178,17921,United Kingdom,55.99,4,14.0
1179,13314,United Kingdom,55.92,2,27.96
1180,12728,France,55.8,1,55.8
1181,12364,Belgium,55.74,3,18.58
1182,14854,United Kingdom,55.7,2,27.85
1183,16732,United Kingdom,55.650000000000006,1,55.65
1184,14451,United Kingdom,55.6,2,27.8
1185,15237,United Kingdom,55.35,2,27.68
1186,12953,United Kingdom,55.2,1,55.2
1187,12393,Australia,55.2,2,27.6
1188,15089,United Kingdom,55.2,2,27.6
1189,15673,United Kingdom,55.2,3,18.4
1190,15121,United Kingdom,55.2,1,55.2
1191,13381,United Kingdom,55.2,3,18.4
1192,16678,United Kingdom,55.08,5,11.02
1193,12877,United Kingdom,54.99,4,13.75
1194,13158,United Kingdom,54.980000000000004,3,18.33
1195,14978,United Kingdom,54.91,3,18.3
1196,14868,United Kingdom,54.9,3,18.3
1197,13258,United Kingdom,54.7,2,27.35
1198,16914,United Kingdom,54.6,1,54.6
1199,12372,Denmark,54.599999999999994,2,27.3
1200,14472,United Kingdom,54.55,4,13.64
1201,14818,United Kingdom,54.55,2,27.28
1202,15066,United Kingdom,54.45,1,54.45
1203,15925,United Kingdom,54.25,1,54.25
1204,14161,United Kingdom,54.05,2,27.02
1205,14878,United Kingdom,54.0,4,13.5
1206,15329,United Kingdom,54.0,2,27.0
1207,18265,United Kingdom,54.0,2,27.0
1208,15814,United Kingdom,53.9,2,26.95
1209,15527,United Kingdom,53.85,3,17.95
1210,12656,France,53.8,2,26.9
1211,15829,United Kingdom,53.76,1,53.76
1212,17041,United Kingdom,53.56,3,17.85
1213,13650,United Kingdom,53.55,2,26.78
1214,15980,United Kingdom,53.55,1,53.55
1215,15068,United Kingdom,53.45,2,26.72
1216,13726,United Kingdom,53.4,2,26.7
1217,17341,United Kingdom,53.33,2,26.66
1218,18156,United Kingdom,53.3,2,26.65
1219,14997,United Kingdom,53.28,1,53.28
1220,17861,United Kingdom,53.22,3,17.74
1221,17091,United Kingdom,53.2,3,17.73
1222,17796,United Kingdom,53.2,3,17.73
1223,17507,United Kingdom,53.15,2,26.58
1224,17425,United Kingdom,53.14,1,53.14
1225,17790,United Kingdom,53.1,4,13.28
1226,12713,Germany,53.05,1,53.05
1227,12722,France,53.04,3,17.68
1228,12607,USA,53.04,1,53.04
1229,15353,United Kingdom,52.949999999999996,2,26.48
1230,15088,United Kingdom,52.8,1,52.8
1231,13558,United Kingdom,52.74,4,13.18
1232,16688,United Kingdom,52.5,2,26.25
1233,14261,United Kingdom,52.5,2,26.25
1234,12697,Sweden,52.5,2,26.25
1235,13657,United Kingdom,52.440000000000005,1,52.44
1236,13430,United Kingdom,52.44,1,52.44
1237,15658,United Kingdom,52.4,2,26.2
1238,16225,United Kingdom,52.4,3,17.47
1239,16470,United Kingdom,52.379999999999995,3,17.46
1240,15937,United Kingdom,52.35,1,52.35
1241,13115,United Kingdom,52.31999999999999,3,17.44
1242,14715,United Kingdom,52.3,2,26.15
1243,15622,United Kingdom,52.2,2,26.1
1244,13755,United Kingdom,52.01,4,13.0
1245,12600,Germany,51.96,4,12.99
1246,16889,United Kingdom,51.9,3,17.3
1247,13357,United Kingdom,51.85,1,51.85
1248,13477,United Kingdom,51.8,3,17.27
1249,14506,United Kingdom,51.7,3,17.23
1250,17764,United Kingdom,51.629999999999995,1,51.63
1251,16124,United Kingdom,51.599999999999994,1,51.6
1252,12778,Netherlands,51.599999999999994,3,17.2
1253,16980,United Kingdom,51.25,1,51.25
1254,13717,United Kingdom,51.24,4,12.81
1255,14745,United Kingdom,51.2,3,17.07
1256,14138,United Kingdom,51.2,2,25.6
1257,13151,United Kingdom,51.15,1,51.15
1258,15826,United Kingdom,51.0,2,25.5
1259,15611,United Kingdom,51.0,1,51.0
1260,14440,United Kingdom,51.0,1,51.0
1261,14001,United Kingdom,51.0,1,51.0
1262,16059,United Kingdom,50.95,4,12.74
1263,12729,France,50.85,1,50.85
1264,14541,United Kingdom,50.75,3,16.92
1265,13141,United Kingdom,50.7,3,16.9
1266,14113,United Kingdom,50.6,1,50.6
1267,18125,United Kingdom,50.6,3,16.87
1268,14698,United Kingdom,50.6,5,10.12
1269,16271,United Kingdom,50.55,4,12.64
1270,15145,United Kingdom,50.5,3,16.83
1271,14332,United Kingdom,50.4,1,50.4
1272,16624,United Kingdom,50.4,2,25.2
1273,14921,United Kingdom,50.4,1,50.4
1274,15671,United Kingdom,50.4,2,25.2
1275,15158,United Kingdom,50.4,1,50.4
1276,14971,United Kingdom,50.349999999999994,2,25.17
1277,14307,United Kingdom,50.31,3,16.77
1278,12708,Germany,50.28,3,16.76
1279,14299,United Kingdom,50.28,2,25.14
1280,13931,United Kingdom,50.260000000000005,2,25.13
1281,16350,United Kingdom,50.25,2,25.12
1282,15433,United Kingdom,50.16,1,50.16
1283,14488,United Kingdom,50.16,1,50.16
1284,14544,United Kingdom,50.1,2,25.05
1285,14738,United Kingdom,50.1,2,25.05
1286,15058,United Kingdom,50.1,4,12.52
1287,16062,United Kingdom,50.04,2,25.02
1288,14312,United Kingdom,50.01,3,16.67
1289,14289,United Kingdom,49.92,2,24.96
1290,15116,United Kingdom,49.92,1,49.92
1291,16268,United Kingdom,49.81,1,49.81
1292,13695,United Kingdom,49.8,2,24.9
1293,14790,United Kingdom,49.68,2,24.84
1294,13122,United Kingdom,49.56,1,49.56
1295,18211,United Kingdom,49.53,3,16.51
1296,16979,United Kingdom,49.5,2,24.75
1297,12875,United Kingdom,49.47,1,49.47
1298,14158,United Kingdom,49.06,1,49.06
1299,12833,United Kingdom,48.900000000000006,1,48.9
1300,18151,United Kingdom,48.7,1,48.7
1301,15506,United Kingdom,48.68,2,24.34
1302,15022,United Kingdom,48.650000000000006,2,24.33
1303,17451,United Kingdom,48.599999999999994,3,16.2
1304,15211,United Kingdom,48.540000000000006,2,24.27
1305,17368,United Kingdom,48.489999999999995,2,24.24
1306,13736,United Kingdom,48.449999999999996,2,24.22
1307,17649,United Kingdom,48.400000000000006,1,48.4
1308,15810,United Kingdom,48.4,1,48.4
1309,12547,Spain,48.4,2,24.2
1310,17144,United Kingdom,48.3,2,24.15
1311,13675,United Kingdom,48.3,1,48.3
1312,16875,United Kingdom,48.3,2,24.15
1313,16573,United Kingdom,48.099999999999994,2,24.05
1314,13280,United Kingdom,48.0,3,16.0
1315,14128,United Kingdom,48.0,2,24.0
1316,16918,United Kingdom,47.85,3,15.95
1317,14323,United Kingdom,47.7,1,47.7
1318,17492,United Kingdom,47.7,1,47.7
1319,12672,France,47.7,1,47.7
1320,14896,United Kingdom,47.7,2,23.85
1321,16950,United Kingdom,47.64,1,47.64
1322,17590,United Kingdom,47.59,3,15.86
1323,12654,Germany,47.58,3,15.86
1324,17237,United Kingdom,47.550000000000004,1,47.55
1325,15258,United Kingdom,47.4,2,23.7
1326,17111,United Kingdom,47.4,1,47.4
1327,16188,United Kingdom,47.4,3,15.8
1328,13924,United Kingdom,47.4,2,23.7
1329,12611,Italy,47.4,1,47.4
1330,13531,United Kingdom,47.4,2,23.7
1331,14102,United Kingdom,47.35,2,23.68
1332,16007,United Kingdom,47.160000000000004,4,11.79
1333,15508,United Kingdom,47.160000000000004,4,11.79
1334,14540,United Kingdom,47.1,2,23.55
1335,12402,Belgium,47.099999999999994,1,47.1
1336,17372,United Kingdom,47.07,6,7.84
1337,16245,United Kingdom,47.0,2,23.5
1338,13500,United Kingdom,46.85,2,23.42
1339,12394,Belgium,46.84,1,46.84
1340,15618,United Kingdom,46.84,1,46.84
1341,15096,United Kingdom,46.8,1,46.8
1342,17498,United Kingdom,46.7,1,46.7
1343,17236,United Kingdom,46.68,2,23.34
1344,15819,United Kingdom,46.64,2,23.32
1345,12630,Finland,46.56,1,46.56
1346,15827,United Kingdom,46.55,3,15.52
1347,15421,United Kingdom,46.5,2,23.25
1348,16474,United Kingdom,46.3,5,9.26
1349,14662,United Kingdom,46.24,3,15.41
1350,14315,United Kingdom,46.2,2,23.1
1351,16444,United Kingdom,46.089999999999996,2,23.04
1352,16313,United Kingdom,46.08,2,23.04
1353,15297,United Kingdom,45.980000000000004,1,45.98
1354,16791,United Kingdom,45.949999999999996,4,11.49
1355,13979,United Kingdom,45.900000000000006,1,45.9
1356,16369,United Kingdom,45.9,3,15.3
1357,15466,United Kingdom,45.85,1,45.85
1358,17913,United Kingdom,45.7,2,22.85
1359,15179,United Kingdom,45.65,1,45.65
1360,13005,United Kingdom,45.6,1,45.6
1361,14587,United Kingdom,45.56,5,9.11
1362,17073,United Kingdom,45.55,3,15.18
1363,15654,United Kingdom,45.45,1,45.45
1364,16969,United Kingdom,45.45,2,22.72
1365,14523,United Kingdom,45.36,1,45.36
1366,16637,United Kingdom,45.36,1,45.36
1367,15680,United Kingdom,45.35,3,15.12
1368,16825,United Kingdom,45.3,1,45.3
1369,16168,United Kingdom,45.3,2,22.65
1370,14214,United Kingdom,45.3,2,22.65
1371,18016,United Kingdom,45.27,1,45.27
1372,17692,United Kingdom,45.26,1,45.26
1373,15426,United Kingdom,45.24,4,11.31
1374,14360,United Kingdom,45.24,3,15.08
1375,13583,United Kingdom,45.239999999999995,1,45.24
1376,14703,United Kingdom,45.18,1,45.18
1377,18202,United Kingdom,45.120000000000005,2,22.56
1378,17027,United Kingdom,45.07,2,22.54
1379,13167,United Kingdom,45.04,2,22.52
1380,14631,United Kingdom,45.0,2,22.5
1381,17671,United Kingdom,45.0,1,45.0
1382,14681,United Kingdom,45.0,1,45.0
1383,17749,United Kingdom,45.0,1,45.0
1384,16863,United Kingdom,45.0,1,45.0
1385,15691,United Kingdom,45.0,1,45.0
1386,16431,United Kingdom,45.0,1,45.0
1387,17679,United Kingdom,45.0,1,45.0
1388,12453,Austria,44.85,1,44.85
1389,13690,United Kingdom,44.85,1,44.85
1390,14511,United Kingdom,44.8,1,44.8
1391,16091,United Kingdom,44.760000000000005,2,22.38
1392,14290,United Kingdom,44.7,3,14.9
1393,15453,United Kingdom,44.67,5,8.93
1394,12925,United Kingdom,44.64,2,22.32
1395,14293,United Kingdom,44.55,1,44.55
1396,14608,United Kingdom,44.55,1,44.55
1397,13481,United Kingdom,44.46,3,14.82
1398,12937,United Kingdom,44.26,2,22.13
1399,16529,United Kingdom,44.25,1,44.25
1400,16207,United Kingdom,44.2,1,44.2
1401,14898,United Kingdom,44.03,1,44.03
1402,12910,United Kingdom,43.9,2,21.95
1403,16495,United Kingdom,43.85,2,21.92
1404,18154,United Kingdom,43.8,2,21.9
1405,17071,United Kingdom,43.8,3,14.6
1406,17169,United Kingdom,43.760000000000005,2,21.88
1407,17685,United Kingdom,43.68,3,14.56
1408,15009,United Kingdom,43.6,3,14.53
1409,16332,United Kingdom,43.55,3,14.52
1410,12523,France,43.5,3,14.5
1411,16347,United Kingdom,43.35,1,43.35
1412,13804,United Kingdom,43.32,3,14.44
1413,16910,United Kingdom,43.25,8,5.41
1414,14431,United Kingdom,43.2,1,43.2
1415,13882,United Kingdom,43.2,1,43.2
1416,16801,United Kingdom,43.1,2,21.55
1417,17422,United Kingdom,43.08,2,21.54
1418,13339,United Kingdom,43.0,1,43.0
1419,12838,United Kingdom,43.0,2,21.5
1420,13318,United Kingdom,42.96,1,42.96
1421,16669,United Kingdom,42.9,1,42.9
1422,13810,Germany,42.9,1,42.9
1423,14234,United Kingdom,42.79,2,21.4
1424,12868,United Kingdom,42.7,2,21.35
1425,17837,United Kingdom,42.62,4,10.66
1426,13707,United Kingdom,42.6,1,42.6
1427,12526,Germany,42.5,2,21.25
1428,17712,United Kingdom,42.5,1,42.5
1429,16561,United Kingdom,42.45,2,21.22
1430,12936,United Kingdom,42.449999999999996,2,21.22
1431,14178,United Kingdom,42.44,5,8.49
1432,16800,United Kingdom,42.42,1,42.42
1433,17287,United Kingdom,42.42,3,14.14
1434,17007,United Kingdom,42.36,3,14.12
1435,13421,United Kingdom,42.25,1,42.25
1436,17874,United Kingdom,42.25,1,42.25
1437,14880,United Kingdom,42.2,1,42.2
1438,17705,United Kingdom,41.9,3,13.97
1439,17774,United Kingdom,41.9,2,20.95
1440,16817,United Kingdom,41.8,3,13.93
1441,16771,United Kingdom,41.8,3,13.93
1442,14723,United Kingdom,41.76,5,8.35
1443,14000,United Kingdom,41.76,1,41.76
1444,16179,United Kingdom,41.7,1,41.7
1445,17095,United Kingdom,41.7,2,20.85
1446,17323,United Kingdom,41.65,4,10.41
1447,13404,United Kingdom,41.6,1,41.6
1448,15417,United Kingdom,41.6,1,41.6
1449,14409,United Kingdom,41.6,1,41.6
1450,17724,United Kingdom,41.5,1,41.5
1451,13615,United Kingdom,41.4,1,41.4
1452,17345,United Kingdom,41.26,2,20.63
1453,14638,United Kingdom,41.25,1,41.25
1454,13720,United Kingdom,41.25,1,41.25
1455,17418,United Kingdom,41.23,2,20.62
1456,15984,United Kingdom,41.19,3,13.73
1457,17849,United Kingdom,41.150000000000006,2,20.58
1458,13491,United Kingdom,41.1,3,13.7
1459,12820,United Kingdom,41.099999999999994,2,20.55
1460,16142,United Kingdom,41.099999999999994,1,41.1
1461,12426,Germany,41.099999999999994,1,41.1
1462,12578,Italy,41.099999999999994,2,20.55
1463,14407,United Kingdom,41.0,2,20.5
1464,15165,United Kingdom,41.0,1,41.0
1465,16735,United Kingdom,40.95,2,20.48
1466,12836,United Kingdom,40.88,2,20.44
1467,16416,United Kingdom,40.85,2,20.42
1468,14934,Channel Islands,40.8,2,20.4
1469,13524,United Kingdom,40.8,1,40.8
1470,12347,Iceland,40.8,2,20.4
1471,12970,United Kingdom,40.71,2,20.36
1472,17750,United Kingdom,40.69,5,8.14
1473,14129,United Kingdom,40.68,2,20.34
1474,13521,United Kingdom,40.67,3,13.56
1475,13104,United Kingdom,40.56,1,40.56
1476,14075,United Kingdom,40.56,1,40.56
1477,16340,United Kingdom,40.519999999999996,1,40.52
1478,14068,United Kingdom,40.5,1,40.5
1479,16212,United Kingdom,40.5,1,40.5
1480,15059,United Kingdom,40.42,4,10.1
1481,16110,United Kingdom,40.33,3,13.44
1482,15839,United Kingdom,40.260000000000005,2,20.13
1483,16040,United Kingdom,40.2,2,20.1
1484,16793,United Kingdom,40.2,1,40.2
1485,13867,United Kingdom,40.05,1,40.05
1486,12430,Norway,40.0,1,40.0
1487,12664,Finland,40.0,1,40.0
1488,14910,United Kingdom,39.96,1,39.96
1489,13046,United Kingdom,39.96,1,39.96
1490,17527,United Kingdom,39.96,2,19.98
1491,17373,United Kingdom,39.9,2,19.95
1492,17259,United Kingdom,39.85,1,39.85
1493,16177,United Kingdom,39.8,1,39.8
1494,14672,United Kingdom,39.75,1,39.75
1495,15315,United Kingdom,39.72,1,39.72
1496,13149,United Kingdom,39.7,1,39.7
1497,17010,United Kingdom,39.6,1,39.6
1498,15181,United Kingdom,39.6,1,39.6
1499,14443,United Kingdom,39.6,1,39.6
1500,13453,United Kingdom,39.6,2,19.8
1501,15402,United Kingdom,39.6,2,19.8
1502,14905,United Kingdom,39.6,1,39.6
1503,13347,United Kingdom,39.6,1,39.6
1504,13062,United Kingdom,39.6,1,39.6
1505,16689,United Kingdom,39.6,1,39.6
1506,13350,United Kingdom,39.6,1,39.6
1507,16434,United Kingdom,39.480000000000004,3,13.16
1508,13476,United Kingdom,39.45,2,19.73
1509,16102,United Kingdom,39.42,2,19.71
1510,13888,United Kingdom,39.4,2,19.7
1511,15332,Lithuania,39.3,1,39.3
1512,14498,United Kingdom,39.26,3,13.09
1513,12653,Israel,39.1,2,19.55
1514,15572,United Kingdom,39.099999999999994,5,7.82
1515,16221,United Kingdom,39.0,1,39.0
1516,15197,United Kingdom,39.0,1,39.0
1517,13853,United Kingdom,39.0,1,39.0
1518,16794,United Kingdom,38.93,5,7.79
1519,14050,United Kingdom,38.8,2,19.4
1520,17871,United Kingdom,38.76,1,38.76
1521,16657,United Kingdom,38.76,4,9.69
1522,12716,France,38.72,2,19.36
1523,15596,United Kingdom,38.7,2,19.35
1524,14223,United Kingdom,38.7,3,12.9
1525,15004,United Kingdom,38.7,1,38.7
1526,15525,United Kingdom,38.69,2,19.34
1527,15862,United Kingdom,38.65,2,19.32
1528,15051,United Kingdom,38.55,1,38.55
1529,17284,United Kingdom,38.55,3,12.85
1530,14152,United Kingdom,38.5,1,38.5
1531,17802,United Kingdom,38.4,3,12.8
1532,17461,United Kingdom,38.39,1,38.39
1533,13959,United Kingdom,38.35,3,12.78
1534,17162,United Kingdom,38.35,2,19.18
1535,13006,United Kingdom,38.25,1,38.25
1536,13591,United Kingdom,38.25,1,38.25
1537,15883,United Kingdom,38.25,1,38.25
1538,15182,United Kingdom,38.2,1,38.2
1539,18082,United Kingdom,38.19,1,38.19
1540,13107,United Kingdom,38.16,1,38.16
1541,16318,United Kingdom,38.1,1,38.1
1542,15592,United Kingdom,38.099999999999994,1,38.1
1543,14776,United Kingdom,38.099999999999994,3,12.7
1544,15156,United Kingdom,37.89,2,18.94
1545,13892,United Kingdom,37.8,1,37.8
1546,12422,Switzerland,37.8,1,37.8
1547,18106,United Kingdom,37.75,1,37.75
1548,16354,United Kingdom,37.74,1,37.74
1549,14691,United Kingdom,37.68,2,18.84
1550,17092,United Kingdom,37.67,3,12.56
1551,17135,United Kingdom,37.6,2,18.8
1552,15707,United Kingdom,37.55,2,18.77
1553,15885,United Kingdom,37.5,1,37.5
1554,17019,United Kingdom,37.5,3,12.5
1555,16384,United Kingdom,37.5,2,18.75
1556,15976,United Kingdom,37.32,2,18.66
1557,14320,United Kingdom,37.3,1,37.3
1558,12826,United Kingdom,37.3,1,37.3
1559,16049,United Kingdom,37.24,3,12.41
1560,16184,United Kingdom,37.239999999999995,1,37.24
1561,15062,United Kingdom,37.2,2,18.6
1562,14242,United Kingdom,37.2,2,18.6
1563,16676,United Kingdom,37.1,2,18.55
1564,15734,United Kingdom,37.06,2,18.53
1565,15830,United Kingdom,37.04,1,37.04
1566,14105,United Kingdom,37.04,1,37.04
1567,18263,United Kingdom,36.96,1,36.96
1568,17994,United Kingdom,36.949999999999996,3,12.32
1569,17438,United Kingdom,36.9,1,36.9
1570,15531,United Kingdom,36.8,1,36.8
1571,15109,United Kingdom,36.8,1,36.8
1572,16224,United Kingdom,36.78,3,12.26
1573,15785,United Kingdom,36.7,3,12.23
1574,14731,United Kingdom,36.6,2,18.3
1575,18236,United Kingdom,36.5,2,18.25
1576,14684,United Kingdom,36.35,5,7.27
1577,13309,United Kingdom,36.3,2,18.15
1578,14410,United Kingdom,36.25,3,12.08
1579,15522,United Kingdom,36.17,2,18.08
1580,16351,United Kingdom,36.0,1,36.0
1581,12947,United Kingdom,36.0,3,12.0
1582,12718,France,36.0,1,36.0
1583,14507,United Kingdom,35.94,2,17.97
1584,12550,Spain,35.93,1,35.93
1585,12915,United Kingdom,35.9,1,35.9
1586,16653,United Kingdom,35.879999999999995,1,35.88
1587,16978,United Kingdom,35.85,1,35.85
1588,18205,United Kingdom,35.8,2,17.9
1589,14573,United Kingdom,35.8,4,8.95
1590,14127,United Kingdom,35.7,2,17.85
1591,12649,Germany,35.7,2,17.85
1592,13405,United Kingdom,35.7,1,35.7
1593,13436,United Kingdom,35.599999999999994,1,35.6
1594,18061,United Kingdom,35.4,1,35.4
1595,12458,Switzerland,35.4,1,35.4
1596,16654,United Kingdom,35.4,1,35.4
1597,15110,United Kingdom,35.4,1,35.4
1598,14644,United Kingdom,35.4,1,35.4
1599,14352,United Kingdom,35.4,1,35.4
1600,15520,United Kingdom,35.4,1,35.4
1601,13515,United Kingdom,35.4,2,17.7
1602,14163,United Kingdom,35.3,2,17.65
1603,16084,United Kingdom,35.28,1,35.28
1604,17797,United Kingdom,35.2,3,11.73
1605,12878,United Kingdom,35.1,2,17.55
1606,15762,United Kingdom,35.099999999999994,1,35.1
1607,15620,United Kingdom,35.099999999999994,2,17.55
1608,17571,United Kingdom,35.06,3,11.69
1609,16236,United Kingdom,34.86,1,34.86
1610,14224,United Kingdom,34.85,3,11.62
1611,17171,United Kingdom,34.8,1,34.8
1612,13927,United Kingdom,34.8,1,34.8
1613,13055,United Kingdom,34.8,2,17.4
1614,17562,United Kingdom,34.8,2,17.4
1615,16101,United Kingdom,34.8,1,34.8
1616,13008,United Kingdom,34.8,1,34.8
1617,14030,United Kingdom,34.74,4,8.68
1618,13741,United Kingdom,34.7,2,17.35
1619,15910,United Kingdom,34.69,4,8.67
1620,17812,United Kingdom,34.68,4,8.67
1621,15605,United Kingdom,34.65,2,17.32
1622,12584,Italy,34.65,2,17.32
1623,17463,United Kingdom,34.629999999999995,2,17.31
1624,16907,United Kingdom,34.59,4,8.65
1625,13043,United Kingdom,34.56,1,34.56
1626,16885,United Kingdom,34.51,2,17.26
1627,17629,United Kingdom,34.480000000000004,4,8.62
1628,16005,United Kingdom,34.42,4,8.6
1629,16426,United Kingdom,34.41,7,4.92
1630,15500,United Kingdom,34.4,2,17.2
1631,13894,United Kingdom,34.35,1,34.35
1632,15656,United Kingdom,34.35,2,17.18
1633,13356,United Kingdom,34.29,1,34.29
1634,14081,United Kingdom,34.2,2,17.1
1635,13950,United Kingdom,34.2,2,17.1
1636,12967,United Kingdom,34.0,1,34.0
1637,16282,United Kingdom,34.0,1,34.0
1638,15115,United Kingdom,34.0,1,34.0
1639,14047,United Kingdom,34.0,1,34.0
1640,15223,United Kingdom,34.0,1,34.0
1641,13297,United Kingdom,33.9,2,16.95
1642,12457,Switzerland,33.9,1,33.9
1643,16762,United Kingdom,33.9,2,16.95
1644,18212,United Kingdom,33.8,1,33.8
1645,17290,United Kingdom,33.68,2,16.84
1646,18248,United Kingdom,33.6,1,33.6
1647,12354,Spain,33.55,1,33.55
1648,18044,United Kingdom,33.5,2,16.75
1649,16361,United Kingdom,33.45,4,8.36
1650,12689,France,33.4,2,16.7
1651,12381,Norway,33.3,1,33.3
1652,15132,United Kingdom,33.3,2,16.65
1653,13850,United Kingdom,33.3,1,33.3
1654,12624,France,33.3,1,33.3
1655,16714,United Kingdom,33.15,1,33.15
1656,13782,United Kingdom,33.05,3,11.02
1657,14520,United Kingdom,33.0,1,33.0
1658,13388,United Kingdom,33.0,1,33.0
1659,17412,United Kingdom,33.0,2,16.5
1660,12422,Australia,33.0,1,33.0
1661,14389,United Kingdom,33.0,2,16.5
1662,16996,United Kingdom,33.0,1,33.0
1663,17594,United Kingdom,33.0,1,33.0
1664,17515,United Kingdom,33.0,1,33.0
1665,14038,United Kingdom,33.0,1,33.0
1666,14149,United Kingdom,33.0,1,33.0
1667,16054,United Kingdom,32.99,1,32.99
1668,16337,United Kingdom,32.9,1,32.9
1669,13601,United Kingdom,32.89,2,16.44
1670,15577,United Kingdom,32.85,2,16.42
1671,17555,United Kingdom,32.839999999999996,2,16.42
1672,14052,United Kingdom,32.83,1,32.83
1673,18235,United Kingdom,32.7,2,16.35
1674,16583,United Kingdom,32.7,1,32.7
1675,13313,United Kingdom,32.7,2,16.35
1676,12702,Germany,32.7,1,32.7
1677,16317,United Kingdom,32.7,2,16.35
1678,12824,United Kingdom,32.7,1,32.7
1679,13956,United Kingdom,32.699999999999996,4,8.17
1680,15679,United Kingdom,32.65,1,32.65
1681,15870,United Kingdom,32.65,1,32.65
1682,17637,United Kingdom,32.64,1,32.64
1683,12965,United Kingdom,32.629999999999995,1,32.63
1684,14141,United Kingdom,32.55,2,16.27
1685,12349,Italy,32.55,1,32.55
1686,17159,United Kingdom,32.54,2,16.27
1687,12935,United Kingdom,32.519999999999996,2,16.26
1688,13276,United Kingdom,32.5,2,16.25
1689,17932,United Kingdom,32.4,1,32.4
1690,15120,United Kingdom,32.4,1,32.4
1691,18150,United Kingdom,32.4,1,32.4
1692,14584,United Kingdom,32.35,2,16.18
1693,12883,United Kingdom,32.34,1,32.34
1694,17411,United Kingdom,32.3,2,16.15
1695,13341,United Kingdom,32.3,1,32.3
1696,15901,United Kingdom,32.18,3,10.73
1697,14482,United Kingdom,32.160000000000004,2,16.08
1698,16045,United Kingdom,32.0,2,16.0
1699,12572,Germany,32.0,2,16.0
1700,13402,United Kingdom,32.0,2,16.0
1701,15303,United Kingdom,31.9,1,31.9
1702,16811,United Kingdom,31.9,2,15.95
1703,13085,United Kingdom,31.85,1,31.85
1704,15644,United Kingdom,31.8,2,15.9
1705,13940,United Kingdom,31.8,2,15.9
1706,12695,France,31.8,1,31.8
1707,15535,United Kingdom,31.8,3,10.6
1708,14406,United Kingdom,31.65,1,31.65
1709,16877,United Kingdom,31.64,5,6.33
1710,14484,United Kingdom,31.6,1,31.6
1711,16882,United Kingdom,31.6,2,15.8
1712,16934,United Kingdom,31.5,2,15.75
1713,17313,United Kingdom,31.5,1,31.5
1714,15365,United Kingdom,31.5,1,31.5
1715,14882,United Kingdom,31.2,1,31.2
1716,16503,United Kingdom,31.2,2,15.6
1717,13253,United Kingdom,31.2,1,31.2
1718,15990,United Kingdom,31.2,1,31.2
1719,14171,United Kingdom,31.03,1,31.03
1720,17702,United Kingdom,31.0,2,15.5
1721,12625,Germany,30.9,2,15.45
1722,14889,United Kingdom,30.9,1,30.9
1723,12904,United Kingdom,30.82,2,15.41
1724,14778,United Kingdom,30.8,1,30.8
1725,12438,Norway,30.8,2,15.4
1726,16560,United Kingdom,30.78,2,15.39
1727,13159,United Kingdom,30.75,2,15.38
1728,13849,United Kingdom,30.7,2,15.35
1729,14273,United Kingdom,30.6,1,30.6
1730,18170,United Kingdom,30.6,1,30.6
1731,16539,United Kingdom,30.6,2,15.3
1732,15367,United Kingdom,30.6,2,15.3
1733,14696,United Kingdom,30.6,2,15.3
1734,14829,United Kingdom,30.54,1,30.54
1735,13091,United Kingdom,30.520000000000003,1,30.52
1736,13874,United Kingdom,30.5,1,30.5
1737,17250,United Kingdom,30.45,2,15.22
1738,12579,France,30.4,1,30.4
1739,16203,United Kingdom,30.3,2,15.15
1740,16511,United Kingdom,30.3,3,10.1
1741,15837,United Kingdom,30.3,1,30.3
1742,16484,United Kingdom,30.299999999999997,2,15.15
1743,15783,United Kingdom,30.24,1,30.24
1744,12377,Switzerland,30.24,2,15.12
1745,14953,United Kingdom,30.23,1,30.23
1746,15840,United Kingdom,30.200000000000003,2,15.1
1747,17242,United Kingdom,30.2,1,30.2
1748,15799,United Kingdom,30.16,2,15.08
1749,12719,France,30.15,1,30.15
1750,12633,Germany,30.15,1,30.15
1751,13745,United Kingdom,30.12,1,30.12
1752,17472,United Kingdom,30.1,3,10.03
1753,17560,United Kingdom,30.099999999999998,2,15.05
1754,14976,United Kingdom,30.05,4,7.51
1755,17609,United Kingdom,30.049999999999997,4,7.51
1756,15232,United Kingdom,30.0,1,30.0
1757,18176,United Kingdom,30.0,1,30.0
1758,15977,United Kingdom,30.0,1,30.0
1759,15969,United Kingdom,30.0,1,30.0
1760,12913,United Kingdom,30.0,1,30.0
1761,13075,United Kingdom,30.0,1,30.0
1762,18189,United Kingdom,30.0,1,30.0
1763,13503,United Kingdom,30.0,1,30.0
1764,13328,United Kingdom,30.0,1,30.0
1765,13483,United Kingdom,30.0,1,30.0
1766,14154,United Kingdom,30.0,1,30.0
1767,16149,United Kingdom,30.0,2,15.0
1768,16099,United Kingdom,30.0,1,30.0
1769,16947,United Kingdom,30.0,1,30.0
1770,15108,European Community,30.0,1,30.0
1771,14891,United Kingdom,30.0,2,15.0
1772,16450,United Kingdom,30.0,1,30.0
1773,15010,United Kingdom,30.0,1,30.0
1774,14687,United Kingdom,30.0,1,30.0
1775,16912,United Kingdom,30.0,1,30.0
1776,17235,United Kingdom,30.0,1,30.0
1777,13352,United Kingdom,30.0,1,30.0
1778,12580,Germany,30.0,1,30.0
1779,14894,United Kingdom,30.0,1,30.0
1780,14447,United Kingdom,30.0,2,15.0
1781,17668,United Kingdom,30.0,1,30.0
1782,13026,United Kingdom,30.0,1,30.0
1783,14870,United Kingdom,30.0,1,30.0
1784,15791,United Kingdom,30.0,2,15.0
1785,13475,United Kingdom,29.979999999999997,2,14.99
1786,17480,United Kingdom,29.939999999999998,1,29.94
1787,13417,United Kingdom,29.9,1,29.9
1788,16460,United Kingdom,29.9,1,29.9
1789,17197,United Kingdom,29.85,1,29.85
1790,14450,United Kingdom,29.85,2,14.92
1791,16572,United Kingdom,29.85,1,29.85
1792,15720,United Kingdom,29.8,1,29.8
1793,17464,United Kingdom,29.75,1,29.75
1794,17033,United Kingdom,29.7,1,29.7
1795,17140,United Kingdom,29.7,1,29.7
1796,16810,United Kingdom,29.7,1,29.7
1797,13220,United Kingdom,29.7,1,29.7
1798,13914,United Kingdom,29.7,1,29.7
1799,12866,Belgium,29.7,1,29.7
1800,15634,United Kingdom,29.7,1,29.7
1801,13499,United Kingdom,29.7,1,29.7
1802,13731,United Kingdom,29.6,2,14.8
1803,14083,United Kingdom,29.54,4,7.38
1804,12793,Portugal,29.5,1,29.5
1805,14419,United Kingdom,29.5,4,7.38
1806,12988,United Kingdom,29.35,1,29.35
1807,13283,United Kingdom,29.3,1,29.3
1808,16266,United Kingdom,29.25,2,14.62
1809,12916,United Kingdom,29.25,1,29.25
1810,15436,United Kingdom,29.240000000000002,3,9.75
1811,17429,United Kingdom,29.16,2,14.58
1812,13336,United Kingdom,29.1,1,29.1
1813,15252,United Kingdom,29.1,1,29.1
1814,13030,United Kingdom,29.05,2,14.52
1815,12872,United Kingdom,29.049999999999997,2,14.52
1816,14449,United Kingdom,29.03,4,7.26
1817,17974,United Kingdom,28.97,2,14.48
1818,15974,United Kingdom,28.95,2,14.48
1819,14913,United Kingdom,28.92,2,14.46
1820,13320,United Kingdom,28.9,2,14.45
1821,18022,United Kingdom,28.9,1,28.9
1822,16020,United Kingdom,28.799999999999997,2,14.4
1823,16023,United Kingdom,28.75,3,9.58
1824,13176,United Kingdom,28.73,1,28.73
1825,16343,United Kingdom,28.65,2,14.32
1826,14487,United Kingdom,28.64,3,9.55
1827,17456,United Kingdom,28.64,1,28.64
1828,15095,United Kingdom,28.52,2,14.26
1829,17198,United Kingdom,28.5,3,9.5
1830,15339,United Kingdom,28.4,2,14.2
1831,13817,Germany,28.2,1,28.2
1832,12876,Belgium,28.2,2,14.1
1833,15858,United Kingdom,28.19,4,7.05
1834,16016,United Kingdom,28.15,3,9.38
1835,17470,United Kingdom,28.08,2,14.04
1836,16519,United Kingdom,28.05,2,14.02
1837,15130,United Kingdom,28.05,1,28.05
1838,16022,United Kingdom,28.0,1,28.0
1839,15157,United Kingdom,27.9,2,13.95
1840,14023,United Kingdom,27.8,1,27.8
1841,16015,United Kingdom,27.8,3,9.27
1842,16140,United Kingdom,27.78,2,13.89
1843,16504,United Kingdom,27.75,1,27.75
1844,17964,United Kingdom,27.64,2,13.82
1845,15376,United Kingdom,27.630000000000003,2,13.82
1846,17894,United Kingdom,27.619999999999997,3,9.21
1847,13904,United Kingdom,27.6,1,27.6
1848,16175,United Kingdom,27.6,1,27.6
1849,17684,United Kingdom,27.599999999999998,1,27.6
1850,15967,United Kingdom,27.55,2,13.78
1851,17765,United Kingdom,27.55,1,27.55
1852,15750,United Kingdom,27.54,4,6.88
1853,12371,Switzerland,27.54,1,27.54
1854,15103,United Kingdom,27.54,2,13.77
1855,18034,United Kingdom,27.52,1,27.52
1856,17179,United Kingdom,27.51,3,9.17
1857,13732,United Kingdom,27.5,1,27.5
1858,15239,United Kingdom,27.48,2,13.74
1859,14719,United Kingdom,27.4,3,9.13
1860,14005,United Kingdom,27.36,2,13.68
1861,16598,United Kingdom,27.299999999999997,1,27.3
1862,13778,United Kingdom,27.25,1,27.25
1863,16066,United Kingdom,27.25,1,27.25
1864,16859,United Kingdom,27.2,1,27.2
1865,14177,United Kingdom,27.15,2,13.58
1866,16929,United Kingdom,27.119999999999997,2,13.56
1867,17348,United Kingdom,27.09,3,9.03
1868,14515,United Kingdom,27.09,2,13.54
1869,17265,United Kingdom,27.089999999999996,2,13.54
1870,17201,United Kingdom,27.08,1,27.08
1871,15227,United Kingdom,27.08,2,13.54
1872,15139,United Kingdom,27.06,2,13.53
1873,16086,United Kingdom,27.04,1,27.04
1874,14867,United Kingdom,27.04,1,27.04
1875,16427,United Kingdom,27.04,1,27.04
1876,14504,United Kingdom,27.03,3,9.01
1877,12386,Australia,27.0,1,27.0
1878,16809,United Kingdom,26.98,4,6.74
1879,17119,United Kingdom,26.96,1,26.96
1880,14623,United Kingdom,26.87,3,8.96
1881,14100,United Kingdom,26.75,1,26.75
1882,16261,United Kingdom,26.7,4,6.68
1883,14817,United Kingdom,26.7,2,13.35
1884,13354,United Kingdom,26.7,1,26.7
1885,12398,Switzerland,26.68,1,26.68
1886,13573,United Kingdom,26.65,2,13.32
1887,16026,United Kingdom,26.6,1,26.6
1888,15996,United Kingdom,26.549999999999997,4,6.64
1889,14461,United Kingdom,26.45,1,26.45
1890,14577,United Kingdom,26.44,3,8.81
1891,16954,United Kingdom,26.4,1,26.4
1892,16715,United Kingdom,26.38,1,26.38
1893,15081,United Kingdom,26.2,2,13.1
1894,13564,United Kingdom,26.2,2,13.1
1895,14629,United Kingdom,26.14,2,13.07
1896,13592,United Kingdom,26.119999999999997,2,13.06
1897,17154,United Kingdom,25.92,1,25.92
1898,15852,United Kingdom,25.92,1,25.92
1899,16034,United Kingdom,25.799999999999997,2,12.9
1900,14837,United Kingdom,25.799999999999997,2,12.9
1901,15584,United Kingdom,25.79,3,8.6
1902,16758,United Kingdom,25.75,1,25.75
1903,13790,United Kingdom,25.68,1,25.68
1904,16634,United Kingdom,25.5,1,25.5
1905,15035,United Kingdom,25.5,1,25.5
1906,15712,United Kingdom,25.5,2,12.75
1907,13819,United Kingdom,25.5,1,25.5
1908,12429,Austria,25.5,1,25.5
1909,17359,United Kingdom,25.5,1,25.5
1910,12725,Italy,25.5,1,25.5
1911,12987,United Kingdom,25.5,1,25.5
1912,13893,United Kingdom,25.5,1,25.5
1913,18268,United Kingdom,25.5,1,25.5
1914,12592,Germany,25.5,1,25.5
1915,18014,United Kingdom,25.419999999999998,1,25.42
1916,13192,United Kingdom,25.380000000000003,1,25.38
1917,15743,United Kingdom,25.35,2,12.68
1918,15456,United Kingdom,25.32,2,12.66
1919,16806,United Kingdom,25.32,2,12.66
1920,16775,United Kingdom,25.25,3,8.42
1921,16988,United Kingdom,25.25,1,25.25
1922,12922,United Kingdom,25.2,1,25.2
1923,12442,Spain,25.2,1,25.2
1924,17047,United Kingdom,25.2,1,25.2
1925,13327,United Kingdom,25.2,1,25.2
1926,13572,United Kingdom,25.2,1,25.2
1927,16105,United Kingdom,25.2,1,25.2
1928,12854,United Kingdom,25.2,3,8.4
1929,13295,United Kingdom,25.2,1,25.2
1930,17004,United Kingdom,25.2,1,25.2
1931,17018,United Kingdom,25.2,1,25.2
1932,14804,United Kingdom,25.2,1,25.2
1933,15350,United Kingdom,25.2,1,25.2
1934,17489,United Kingdom,25.2,1,25.2
1935,16621,United Kingdom,25.2,2,12.6
1936,12985,United Kingdom,25.049999999999997,1,25.05
1937,16826,United Kingdom,25.049999999999997,1,25.05
1938,16456,United Kingdom,25.03,3,8.34
1939,16761,United Kingdom,25.0,1,25.0
1940,14317,United Kingdom,25.0,1,25.0
1941,14859,United Kingdom,24.96,1,24.96
1942,16232,United Kingdom,24.96,1,24.96
1943,17206,United Kingdom,24.96,1,24.96
1944,14027,United Kingdom,24.96,1,24.96
1945,14251,United Kingdom,24.96,1,24.96
1946,12450,Spain,24.96,1,24.96
1947,14373,United Kingdom,24.95,1,24.95
1948,16009,United Kingdom,24.9,1,24.9
1949,17704,United Kingdom,24.9,1,24.9
1950,12735,France,24.9,1,24.9
1951,16520,United Kingdom,24.86,3,8.29
1952,14157,United Kingdom,24.84,1,24.84
1953,16900,United Kingdom,24.84,1,24.84
1954,12784,Portugal,24.8,1,24.8
1955,15898,United Kingdom,24.75,1,24.75
1956,16851,United Kingdom,24.75,1,24.75
1957,17985,United Kingdom,24.75,1,24.75
1958,17695,United Kingdom,24.72,2,12.36
1959,13667,United Kingdom,24.58,1,24.58
1960,15472,United Kingdom,24.5,1,24.5
1961,15322,United Kingdom,24.5,1,24.5
1962,16480,United Kingdom,24.48,1,24.48
1963,15932,United Kingdom,24.36,1,24.36
1964,17631,United Kingdom,24.36,2,12.18
1965,17454,United Kingdom,24.2,2,12.1
1966,15756,United Kingdom,24.16,4,6.04
1967,16795,United Kingdom,24.049999999999997,1,24.05
1968,16445,United Kingdom,24.0,1,24.0
1969,13138,United Kingdom,24.0,1,24.0
1970,13294,United Kingdom,24.0,1,24.0
1971,18196,United Kingdom,23.990000000000002,2,12.0
1972,16776,United Kingdom,23.98,1,23.98
1973,13831,United Kingdom,23.95,1,23.95
1974,16956,United Kingdom,23.9,1,23.9
1975,13064,United Kingdom,23.8,1,23.8
1976,16449,United Kingdom,23.799999999999997,1,23.8
1977,12890,United Kingdom,23.79,1,23.79
1978,15018,United Kingdom,23.72,2,11.86
1979,16063,United Kingdom,23.68,1,23.68
1980,17082,United Kingdom,23.6,1,23.6
1981,16108,United Kingdom,23.6,1,23.6
1982,14414,United Kingdom,23.52,1,23.52
1983,13028,United Kingdom,23.5,1,23.5
1984,12463,Belgium,23.5,2,11.75
1985,17295,United Kingdom,23.490000000000002,3,7.83
1986,16567,United Kingdom,23.4,1,23.4
1987,12658,Germany,23.4,1,23.4
1988,16172,United Kingdom,23.4,1,23.4
1989,16641,United Kingdom,23.4,1,23.4
1990,13473,United Kingdom,23.4,1,23.4
1991,16379,United Kingdom,23.4,1,23.4
1992,13300,United Kingdom,23.4,1,23.4
1993,15148,United Kingdom,23.4,1,23.4
1994,13803,United Kingdom,23.4,1,23.4
1995,13772,United Kingdom,23.37,2,11.68
1996,14179,United Kingdom,23.35,2,11.68
1997,16805,United Kingdom,23.3,2,11.65
1998,12645,Germany,23.28,1,23.28
1999,16185,United Kingdom,23.15,1,23.15
2000,17770,United Kingdom,23.1,2,11.55
2001,13930,United Kingdom,23.0,1,23.0
2002,12614,Germany,22.95,1,22.95
2003,14561,United Kingdom,22.8,1,22.8
2004,13504,United Kingdom,22.74,1,22.74
2005,14044,United Kingdom,22.71,4,5.68
2006,17516,United Kingdom,22.7,2,11.35
2007,16469,United Kingdom,22.53,3,7.51
2008,17097,Spain,22.53,4,5.63
2009,16674,United Kingdom,22.53,2,11.26
2010,14793,United Kingdom,22.5,1,22.5
2011,18062,United Kingdom,22.5,1,22.5
2012,18135,United Kingdom,22.5,1,22.5
2013,15246,United Kingdom,22.5,2,11.25
2014,18121,United Kingdom,22.5,1,22.5
2015,14948,United Kingdom,22.5,1,22.5
2016,13951,United Kingdom,22.5,1,22.5
2017,17229,United Kingdom,22.45,1,22.45
2018,13291,United Kingdom,22.4,1,22.4
2019,14247,United Kingdom,22.369999999999997,1,22.37
2020,16728,United Kingdom,22.32,4,5.58
2021,15483,United Kingdom,22.07,3,7.36
2022,17777,United Kingdom,22.04,2,11.02
2023,18036,United Kingdom,22.03,3,7.34
2024,13243,United Kingdom,22.01,1,22.01
2025,17105,United Kingdom,22.01,2,11.0
2026,14893,United Kingdom,21.96,1,21.96
2027,17370,United Kingdom,21.96,2,10.98
2028,15507,United Kingdom,21.95,1,21.95
2029,17742,United Kingdom,21.95,1,21.95
2030,17884,United Kingdom,21.84,3,7.28
2031,16916,United Kingdom,21.75,2,10.88
2032,17936,United Kingdom,21.65,1,21.65
2033,16803,United Kingdom,21.64,1,21.64
2034,13937,United Kingdom,21.6,1,21.6
2035,13991,United Kingdom,21.580000000000002,2,10.79
2036,13983,United Kingdom,21.58,3,7.19
2037,14532,United Kingdom,21.57,2,10.78
2038,13569,United Kingdom,21.53,1,21.53
2039,16730,United Kingdom,21.45,2,10.72
2040,17085,United Kingdom,21.41,4,5.35
2041,15053,United Kingdom,21.33,2,10.66
2042,14396,United Kingdom,21.27,2,10.64
2043,14277,France,21.240000000000002,2,10.62
2044,13118,United Kingdom,21.150000000000002,2,10.58
2045,15801,United Kingdom,21.06,1,21.06
2046,12561,Germany,21.0,1,21.0
2047,14048,United Kingdom,20.95,1,20.95
2048,14651,United Kingdom,20.95,2,10.48
2049,17320,United Kingdom,20.9,2,10.45
2050,15187,United Kingdom,20.8,1,20.8
2051,13242,United Kingdom,20.8,1,20.8
2052,13808,United Kingdom,20.8,1,20.8
2053,14489,United Kingdom,20.8,1,20.8
2054,16748,United Kingdom,20.8,1,20.8
2055,15675,United Kingdom,20.8,1,20.8
2056,12787,Netherlands,20.8,1,20.8
2057,16201,United Kingdom,20.8,1,20.8
2058,17022,United Kingdom,20.8,1,20.8
2059,13355,United Kingdom,20.8,1,20.8
2060,14847,United Kingdom,20.8,1,20.8
2061,16036,United Kingdom,20.8,1,20.8
2062,17031,United Kingdom,20.8,1,20.8
2063,16848,United Kingdom,20.8,1,20.8
2064,17739,United Kingdom,20.8,1,20.8
2065,16770,United Kingdom,20.73,2,10.36
2066,17397,United Kingdom,20.7,2,10.35
2067,14756,United Kingdom,20.64,1,20.64
2068,15175,United Kingdom,20.6,1,20.6
2069,17078,United Kingdom,20.52,1,20.52
2070,12924,United Kingdom,20.5,2,10.25
2071,16139,United Kingdom,20.4,1,20.4
2072,13321,United Kingdom,20.4,1,20.4
2073,12709,Germany,20.4,1,20.4
2074,15385,United Kingdom,20.4,1,20.4
2075,15097,United Kingdom,20.4,1,20.4
2076,15773,United Kingdom,20.28,1,20.28
2077,15599,United Kingdom,20.28,1,20.28
2078,12762,Portugal,20.28,1,20.28
2079,17146,United Kingdom,20.28,1,20.28
2080,18239,United Kingdom,20.28,2,10.14
2081,15452,United Kingdom,20.2,2,10.1
2082,17883,United Kingdom,20.2,3,6.73
2083,15855,United Kingdom,20.18,3,6.73
2084,13165,United Kingdom,20.16,1,20.16
2085,16109,United Kingdom,20.16,1,20.16
2086,18218,United Kingdom,20.16,1,20.16
2087,14725,United Kingdom,20.15,1,20.15
2088,17564,United Kingdom,20.1,2,10.05
2089,16792,United Kingdom,20.1,1,20.1
2090,13509,United Kingdom,20.0,1,20.0
2091,15574,United Kingdom,20.0,1,20.0
2092,15208,United Kingdom,20.0,1,20.0
2093,17062,United Kingdom,20.0,1,20.0
2094,16756,United Kingdom,19.92,1,19.92
2095,16780,United Kingdom,19.92,2,9.96
2096,17138,United Kingdom,19.9,1,19.9
2097,13272,United Kingdom,19.9,1,19.9
2098,13238,United Kingdom,19.9,1,19.9
2099,17420,United Kingdom,19.9,1,19.9
2100,17946,United Kingdom,19.9,1,19.9
2101,16509,United Kingdom,19.9,1,19.9
2102,17736,United Kingdom,19.9,1,19.9
2103,12772,Portugal,19.9,1,19.9
2104,13519,United Kingdom,19.9,1,19.9
2105,16200,United Kingdom,19.85,2,9.93
2106,12588,Finland,19.8,1,19.8
2107,12566,Germany,19.8,1,19.8
2108,12616,France,19.8,1,19.8
2109,15623,United Kingdom,19.8,1,19.8
2110,18188,United Kingdom,19.8,1,19.8
2111,17623,United Kingdom,19.8,1,19.8
2112,14019,United Kingdom,19.8,1,19.8
2113,15424,United Kingdom,19.8,1,19.8
2114,14280,United Kingdom,19.8,1,19.8
2115,17829,United Arab Emirates,19.8,1,19.8
2116,17466,United Kingdom,19.8,1,19.8
2117,12475,Germany,19.8,1,19.8
2118,18099,United Kingdom,19.8,1,19.8
2119,18078,United Kingdom,19.8,1,19.8
2120,12906,United Kingdom,19.8,1,19.8
2121,16135,United Kingdom,19.8,1,19.8
2122,16134,United Kingdom,19.8,1,19.8
2123,13549,United Kingdom,19.8,1,19.8
2124,13131,United Kingdom,19.8,1,19.8
2125,14708,United Kingdom,19.8,1,19.8
2126,14140,United Kingdom,19.8,1,19.8
2127,15038,United Kingdom,19.8,2,9.9
2128,12693,Germany,19.8,1,19.8
2129,15270,United Kingdom,19.8,1,19.8
2130,12740,France,19.8,1,19.8
2131,15069,United Kingdom,19.8,1,19.8
2132,15768,United Kingdom,19.8,1,19.8
2133,16239,United Kingdom,19.8,1,19.8
2134,14475,United Kingdom,19.8,1,19.8
2135,17697,United Kingdom,19.8,1,19.8
2136,14220,United Kingdom,19.8,1,19.8
2137,14539,United Kingdom,19.8,1,19.8
2138,18074,United Kingdom,19.8,1,19.8
2139,15951,United Kingdom,19.8,1,19.8
2140,17325,United Kingdom,19.8,1,19.8
2141,13343,United Kingdom,19.8,1,19.8
2142,17711,United Kingdom,19.8,1,19.8
2143,17245,United Kingdom,19.8,1,19.8
2144,14002,United Kingdom,19.71,2,9.86
2145,13606,United Kingdom,19.68,2,9.84
2146,15314,United Kingdom,19.68,1,19.68
2147,17360,United Kingdom,19.65,3,6.55
2148,16644,United Kingdom,19.5,1,19.5
2149,14009,United Kingdom,19.5,1,19.5
2150,13177,United Kingdom,19.5,1,19.5
2151,16216,United Kingdom,19.5,1,19.5
2152,12990,United Kingdom,19.5,1,19.5
2153,13899,United Kingdom,19.5,1,19.5
2154,13040,United Kingdom,19.5,1,19.5
2155,17732,United Kingdom,19.5,1,19.5
2156,18126,United Kingdom,19.490000000000002,1,19.49
2157,13203,United Kingdom,19.44,1,19.44
2158,16744,United Kingdom,19.43,3,6.48
2159,15907,United Kingdom,19.4,3,6.47
2160,16892,United Kingdom,19.4,3,6.47
2161,13680,United Kingdom,19.3,2,9.65
2162,12638,Sweden,18.96,1,18.96
2163,15787,United Kingdom,18.95,3,6.32
2164,16517,United Kingdom,18.95,1,18.95
2165,15318,United Kingdom,18.84,1,18.84
2166,13224,United Kingdom,18.75,2,9.38
2167,14465,United Kingdom,18.75,2,9.38
2168,15467,United Kingdom,18.75,1,18.75
2169,17578,United Kingdom,18.72,1,18.72
2170,15036,United Kingdom,18.7,2,9.35
2171,15983,United Kingdom,18.7,3,6.23
2172,15180,United Kingdom,18.6,1,18.6
2173,14382,United Kingdom,18.58,1,18.58
2174,17226,United Kingdom,18.55,1,18.55
2175,13623,United Kingdom,18.490000000000002,3,6.16
2176,17999,United Kingdom,18.42,2,9.21
2177,14466,United Kingdom,18.4,2,9.2
2178,17806,United Kingdom,18.33,1,18.33
2179,17392,United Kingdom,18.2,1,18.2
2180,14404,United Kingdom,18.15,2,9.07
2181,17614,United Kingdom,18.08,1,18.08
2182,13546,United Kingdom,18.060000000000002,1,18.06
2183,14593,United Kingdom,18.04,3,6.01
2184,12514,Italy,18.0,1,18.0
2185,12601,Germany,18.0,1,18.0
2186,18043,United Kingdom,18.0,2,9.0
2187,17460,United Kingdom,17.88,1,17.88
2188,14947,United Kingdom,17.85,1,17.85
2189,17063,United Kingdom,17.85,1,17.85
2190,16127,United Kingdom,17.85,1,17.85
2191,14840,United Kingdom,17.85,1,17.85
2192,13512,United Kingdom,17.85,1,17.85
2193,16368,United Kingdom,17.85,2,8.93
2194,16485,United Kingdom,17.8,1,17.8
2195,12391,Cyprus,17.779999999999998,1,17.78
2196,13596,United Kingdom,17.75,1,17.75
2197,12581,Germany,17.7,1,17.7
2198,16114,United Kingdom,17.7,1,17.7
2199,14198,United Kingdom,17.7,1,17.7
2200,15602,United Kingdom,17.7,1,17.7
2201,14342,United Kingdom,17.7,1,17.7
2202,16884,United Kingdom,17.7,1,17.7
2203,16352,United Kingdom,17.7,1,17.7
2204,15582,United Kingdom,17.7,1,17.7
2205,16473,United Kingdom,17.7,1,17.7
2206,13706,United Kingdom,17.7,1,17.7
2207,18192,United Kingdom,17.7,1,17.7
2208,13681,United Kingdom,17.7,1,17.7
2209,18193,United Kingdom,17.7,1,17.7
2210,12527,Germany,17.7,1,17.7
2211,12510,Spain,17.7,1,17.7
2212,12350,Norway,17.7,1,17.7
2213,14636,United Kingdom,17.7,1,17.7
2214,13960,United Kingdom,17.7,1,17.7
2215,16226,United Kingdom,17.7,1,17.7
2216,14823,United Kingdom,17.7,2,8.85
2217,12365,Cyprus,17.7,1,17.7
2218,16589,United Kingdom,17.7,1,17.7
2219,13919,Denmark,17.7,1,17.7
2220,16552,United Kingdom,17.7,1,17.7
2221,17520,United Kingdom,17.7,1,17.7
2222,15104,United Kingdom,17.7,1,17.7
2223,12993,United Kingdom,17.7,1,17.7
2224,13379,United Kingdom,17.7,2,8.85
2225,13425,United Kingdom,17.7,1,17.7
2226,16211,United Kingdom,17.7,1,17.7
2227,12997,United Kingdom,17.7,1,17.7
2228,17897,United Kingdom,17.68,2,8.84
2229,13594,United Kingdom,17.5,1,17.5
2230,18261,United Kingdom,17.4,1,17.4
2231,17278,United Kingdom,17.4,1,17.4
2232,14929,United Kingdom,17.4,1,17.4
2233,14196,United Kingdom,17.4,1,17.4
2234,14356,United Kingdom,17.4,1,17.4
2235,12815,Poland,17.4,1,17.4
2236,15664,United Kingdom,17.4,1,17.4
2237,15240,United Kingdom,17.4,1,17.4
2238,12895,United Kingdom,17.4,1,17.4
2239,13398,United Kingdom,17.4,1,17.4
2240,12604,France,17.4,1,17.4
2241,13338,United Kingdom,17.4,1,17.4
2242,13974,United Kingdom,17.4,1,17.4
2243,16582,United Kingdom,17.4,1,17.4
2244,12644,Germany,17.4,1,17.4
2245,18287,United Kingdom,17.4,1,17.4
2246,12431,Belgium,17.4,1,17.4
2247,13080,United Kingdom,17.4,1,17.4
2248,14780,United Kingdom,17.4,1,17.4
2249,14720,United Kingdom,17.4,1,17.4
2250,13800,United Kingdom,17.4,1,17.4
2251,12982,United Kingdom,17.34,1,17.34
2252,17737,United Kingdom,17.34,1,17.34
2253,14474,United Kingdom,17.34,1,17.34
2254,13844,United Kingdom,17.34,1,17.34
2255,18177,United Kingdom,17.3,2,8.65
2256,17550,United Kingdom,17.3,3,5.77
2257,17779,United Kingdom,17.25,1,17.25
2258,18015,United Kingdom,17.240000000000002,1,17.24
2259,15349,United Kingdom,17.17,2,8.59
2260,14314,United Kingdom,17.16,1,17.16
2261,14620,United Kingdom,17.13,2,8.56
2262,15107,United Kingdom,17.0,1,17.0
2263,16093,United Kingdom,17.0,1,17.0
2264,14554,United Kingdom,17.0,1,17.0
2265,13455,United Kingdom,17.0,1,17.0
2266,15133,United Kingdom,17.0,1,17.0
2267,16249,United Kingdom,17.0,1,17.0
2268,16627,United Kingdom,17.0,1,17.0
2269,12669,France,17.0,1,17.0
2270,14970,United Kingdom,17.0,1,17.0
2271,17293,United Kingdom,17.0,1,17.0
2272,14560,United Kingdom,17.0,1,17.0
2273,13824,United Kingdom,17.0,1,17.0
2274,12410,Switzerland,17.0,1,17.0
2275,18108,United Kingdom,17.0,1,17.0
2276,13460,United Kingdom,17.0,1,17.0
2277,12994,United Kingdom,17.0,1,17.0
2278,13963,United Kingdom,17.0,1,17.0
2279,14284,United Kingdom,17.0,1,17.0
2280,16690,United Kingdom,16.95,1,16.95
2281,12642,Germany,16.95,1,16.95
2282,12837,United Kingdom,16.95,1,16.95
2283,15399,United Kingdom,16.94,2,8.47
2284,12909,United Kingdom,16.91,2,8.46
2285,15863,United Kingdom,16.9,1,16.9
2286,16595,United Kingdom,16.82,1,16.82
2287,14690,United Kingdom,16.8,1,16.8
2288,17430,United Kingdom,16.8,1,16.8
2289,13385,United Kingdom,16.8,1,16.8
2290,15429,United Kingdom,16.77,1,16.77
2291,16383,United Kingdom,16.65,2,8.32
2292,17600,United Kingdom,16.65,1,16.65
2293,15307,United Kingdom,16.6,1,16.6
2294,16847,United Kingdom,16.6,1,16.6
2295,16596,United Kingdom,16.6,1,16.6
2296,14754,United Kingdom,16.6,1,16.6
2297,15889,United Kingdom,16.55,2,8.28
2298,12361,Belgium,16.5,1,16.5
2299,14902,United Kingdom,16.5,1,16.5
2300,17350,United Kingdom,16.5,1,16.5
2301,13284,United Kingdom,16.5,1,16.5
2302,16305,United Kingdom,16.5,1,16.5
2303,16639,United Kingdom,16.5,1,16.5
2304,12478,Greece,16.5,1,16.5
2305,17101,United Kingdom,16.5,1,16.5
2306,15117,United Kingdom,16.5,1,16.5
2307,13345,United Kingdom,16.5,1,16.5
2308,17500,United Kingdom,16.5,1,16.5
2309,17574,United Kingdom,16.5,1,16.5
2310,15449,United Kingdom,16.5,1,16.5
2311,14006,United Kingdom,16.5,1,16.5
2312,13109,United Kingdom,16.5,1,16.5
2313,14300,United Kingdom,16.5,1,16.5
2314,12593,France,16.5,1,16.5
2315,13470,United Kingdom,16.5,1,16.5
2316,17878,United Kingdom,16.5,1,16.5
2317,13047,United Kingdom,16.5,1,16.5
2318,13023,United Kingdom,16.5,1,16.5
2319,13157,United Kingdom,16.5,1,16.5
2320,12530,Germany,16.5,1,16.5
2321,12769,Brazil,16.5,1,16.5
2322,12785,Portugal,16.5,1,16.5
2323,13774,United Kingdom,16.5,1,16.5
2324,18112,United Kingdom,16.5,1,16.5
2325,15860,United Kingdom,16.44,3,5.48
2326,13838,United Kingdom,16.38,3,5.46
2327,12628,Germany,16.35,1,16.35
2328,14508,United Kingdom,16.29,2,8.14
2329,18013,United Kingdom,16.25,1,16.25
2330,14034,United Kingdom,16.25,1,16.25
2331,16774,United Kingdom,16.25,1,16.25
2332,13067,United Kingdom,16.2,1,16.2
2333,17051,United Kingdom,16.15,1,16.15
2334,16222,United Kingdom,16.1,1,16.1
2335,14710,United Kingdom,16.09,3,5.36
2336,15774,United Kingdom,16.0,1,16.0
2337,16052,United Kingdom,15.959999999999999,1,15.96
2338,14998,United Kingdom,15.950000000000001,1,15.95
2339,17880,United Kingdom,15.9,1,15.9
2340,16781,United Kingdom,15.9,1,15.9
2341,13926,United Kingdom,15.9,1,15.9
2342,15533,United Kingdom,15.9,1,15.9
2343,13833,United Kingdom,15.9,1,15.9
2344,13718,United Kingdom,15.9,1,15.9
2345,17643,United Kingdom,15.9,1,15.9
2346,12834,United Kingdom,15.9,1,15.9
2347,16968,United Kingdom,15.9,1,15.9
2348,13487,United Kingdom,15.9,1,15.9
2349,16357,United Kingdom,15.9,1,15.9
2350,18059,United Kingdom,15.9,1,15.9
2351,13501,Switzerland,15.9,1,15.9
2352,14619,United Kingdom,15.9,1,15.9
2353,16425,United Kingdom,15.9,1,15.9
2354,13807,United Kingdom,15.9,1,15.9
2355,14830,United Kingdom,15.86,1,15.86
2356,15850,United Kingdom,15.85,2,7.92
2357,16136,United Kingdom,15.8,1,15.8
2358,16071,United Kingdom,15.8,1,15.8
2359,16755,United Kingdom,15.8,2,7.9
2360,15511,United Kingdom,15.79,2,7.9
2361,13211,United Kingdom,15.75,2,7.88
2362,15904,United Kingdom,15.75,1,15.75
2363,16322,United Kingdom,15.7,1,15.7
2364,18252,United Kingdom,15.63,1,15.63
2365,15225,United Kingdom,15.6,1,15.6
2366,16949,United Kingdom,15.6,1,15.6
2367,12492,Germany,15.6,1,15.6
2368,14481,United Kingdom,15.6,1,15.6
2369,12808,Portugal,15.6,1,15.6
2370,13247,United Kingdom,15.6,1,15.6
2371,15185,United Kingdom,15.6,1,15.6
2372,16483,United Kingdom,15.6,1,15.6
2373,14966,United Kingdom,15.55,1,15.55
2374,15146,United Kingdom,15.54,1,15.54
2375,17914,United Kingdom,15.399999999999999,1,15.4
2376,16024,United Kingdom,15.35,1,15.35
2377,14349,United Kingdom,15.34,1,15.34
2378,14176,United Kingdom,15.3,1,15.3
2379,14875,United Kingdom,15.3,1,15.3
2380,16555,United Kingdom,15.3,1,15.3
2381,13828,United Kingdom,15.3,1,15.3
2382,12452,Switzerland,15.3,1,15.3
2383,14013,United Kingdom,15.3,1,15.3
2384,15695,United Kingdom,15.3,1,15.3
2385,17767,United Kingdom,15.3,1,15.3
2386,14552,United Kingdom,15.15,1,15.15
2387,15012,United Kingdom,15.100000000000001,2,7.55
2388,13394,United Kingdom,15.1,2,7.55
2389,16411,United Kingdom,15.080000000000002,2,7.54
2390,13244,United Kingdom,15.05,1,15.05
2391,14276,United Kingdom,15.0,1,15.0
2392,14761,United Kingdom,15.0,1,15.0
2393,17398,United Kingdom,15.0,1,15.0
2394,14959,United Kingdom,15.0,1,15.0
2395,13000,United Kingdom,15.0,1,15.0
2396,16647,United Kingdom,15.0,1,15.0
2397,16642,United Kingdom,15.0,1,15.0
2398,12944,United Kingdom,15.0,1,15.0
2399,14665,United Kingdom,15.0,1,15.0
2400,12538,Spain,15.0,1,15.0
2401,16491,United Kingdom,15.0,1,15.0
2402,16763,United Kingdom,15.0,1,15.0
2403,16008,United Kingdom,15.0,1,15.0
2404,16092,United Kingdom,15.0,1,15.0
2405,16116,United Kingdom,15.0,1,15.0
2406,17505,United Kingdom,15.0,1,15.0
2407,12707,France,15.0,1,15.0
2408,15306,United Kingdom,15.0,1,15.0
2409,17691,United Kingdom,15.0,1,15.0
2410,15800,United Kingdom,15.0,1,15.0
2411,15730,United Kingdom,15.0,1,15.0
2412,17700,United Kingdom,15.0,1,15.0
2413,16909,United Kingdom,15.0,1,15.0
2414,15706,United Kingdom,15.0,1,15.0
2415,13072,United Kingdom,15.0,1,15.0
2416,16829,United Kingdom,15.0,1,15.0
2417,16838,United Kingdom,15.0,1,15.0
2418,14305,United Kingdom,15.0,1,15.0
2419,15949,United Kingdom,15.0,1,15.0
2420,16796,United Kingdom,15.0,1,15.0
2421,13485,United Kingdom,15.0,1,15.0
2422,13496,United Kingdom,15.0,1,15.0
2423,13495,United Kingdom,15.0,1,15.0
2424,16214,United Kingdom,15.0,1,15.0
2425,16648,United Kingdom,15.0,1,15.0
2426,13233,United Kingdom,15.0,1,15.0
2427,16297,United Kingdom,15.0,1,15.0
2428,13282,United Kingdom,15.0,1,15.0
2429,17188,United Kingdom,15.0,1,15.0
2430,17517,United Kingdom,15.0,1,15.0
2431,13369,United Kingdom,15.0,1,15.0
2432,13390,United Kingdom,15.0,1,15.0
2433,17682,United Kingdom,15.0,1,15.0
2434,16042,United Kingdom,15.0,1,15.0
2435,13466,United Kingdom,15.0,1,15.0
2436,14467,United Kingdom,15.0,1,15.0
2437,15835,United Kingdom,15.0,1,15.0
2438,14851,United Kingdom,15.0,1,15.0
2439,17633,United Kingdom,15.0,1,15.0
2440,14427,United Kingdom,15.0,1,15.0
2441,15598,United Kingdom,15.0,1,15.0
2442,14327,United Kingdom,15.0,1,15.0
2443,17926,United Kingdom,15.0,1,15.0
2444,13539,United Kingdom,15.0,1,15.0
2445,14073,United Kingdom,15.0,1,15.0
2446,15492,United Kingdom,15.0,1,15.0
2447,13639,United Kingdom,15.0,1,15.0
2448,14873,United Kingdom,15.0,1,15.0
2449,12701,Germany,15.0,1,15.0
2450,18104,United Kingdom,15.0,1,15.0
2451,13787,United Kingdom,15.0,1,15.0
2452,17958,United Kingdom,15.0,1,15.0
2453,13697,United Kingdom,15.0,1,15.0
2454,13973,United Kingdom,15.0,1,15.0
2455,14747,United Kingdom,15.0,1,15.0
2456,13928,United Kingdom,15.0,1,15.0
2457,13826,United Kingdom,15.0,1,15.0
2458,18071,United Kingdom,15.0,1,15.0
2459,13705,United Kingdom,15.0,1,15.0
2460,16571,United Kingdom,15.0,1,15.0
2461,13868,United Kingdom,15.0,1,15.0
2462,18224,United Kingdom,15.0,1,15.0
2463,18142,United Kingdom,15.0,1,15.0
2464,18155,United Kingdom,15.0,1,15.0
2465,18123,United Kingdom,15.0,2,7.5
2466,17248,United Kingdom,14.98,1,14.98
2467,16759,United Kingdom,14.95,1,14.95
2468,17253,United Kingdom,14.95,1,14.95
2469,16183,United Kingdom,14.94,1,14.94
2470,13711,United Kingdom,14.94,1,14.94
2471,15821,United Kingdom,14.9,2,7.45
2472,17650,United Kingdom,14.85,1,14.85
2473,12586,Italy,14.85,1,14.85
2474,13127,United Kingdom,14.85,1,14.85
2475,15776,United Kingdom,14.85,1,14.85
2476,16482,United Kingdom,14.85,1,14.85
2477,16643,United Kingdom,14.85,1,14.85
2478,12827,United Kingdom,14.85,1,14.85
2479,14204,United Kingdom,14.85,1,14.85
2480,15836,United Kingdom,14.85,1,14.85
2481,12680,France,14.85,1,14.85
2482,13575,United Kingdom,14.85,1,14.85
2483,17636,United Kingdom,14.85,1,14.85
2484,13813,Germany,14.85,1,14.85
2485,14932,Channel Islands,14.85,1,14.85
2486,14345,United Kingdom,14.85,1,14.85
2487,15255,United Kingdom,14.85,1,14.85
2488,16554,United Kingdom,14.85,1,14.85
2489,17503,United Kingdom,14.83,2,7.42
2490,12556,Spain,14.8,2,7.4
2491,16010,United Kingdom,14.75,1,14.75
2492,17800,United Kingdom,14.7,1,14.7
2493,17255,United Kingdom,14.629999999999999,2,7.32
2494,15556,United Kingdom,14.57,1,14.57
2495,13642,United Kingdom,14.55,1,14.55
2496,13249,United Kingdom,14.5,1,14.5
2497,12703,Germany,14.5,1,14.5
2498,16936,United Kingdom,14.49,1,14.49
2499,14704,United Kingdom,14.459999999999999,3,4.82
2500,14801,United Kingdom,14.45,1,14.45
2501,16419,United Kingdom,14.45,2,7.22
2502,17888,United Kingdom,14.399999999999999,2,7.2
2503,14649,United Kingdom,14.290000000000001,2,7.14
2504,16014,United Kingdom,14.25,2,7.12
2505,16284,United Kingdom,14.209999999999999,2,7.1
2506,13439,United Kingdom,14.2,1,14.2
2507,14692,United Kingdom,14.100000000000001,3,4.7
2508,16031,United Kingdom,14.0,2,7.0
2509,16488,United Kingdom,13.92,1,13.92
2510,13370,United Kingdom,13.92,1,13.92
2511,15603,United Kingdom,13.92,1,13.92
2512,15872,United Kingdom,13.89,1,13.89
2513,17867,United Kingdom,13.79,1,13.79
2514,17252,United Kingdom,13.75,1,13.75
2515,12508,France,13.719999999999999,2,6.86
2516,17917,United Kingdom,13.7,3,4.57
2517,14064,United Kingdom,13.65,2,6.82
2518,14012,United Kingdom,13.6,1,13.6
2519,15992,United Kingdom,13.52,1,13.52
2520,15610,United Kingdom,13.52,1,13.52
2521,16325,United Kingdom,13.52,1,13.52
2522,16298,United Kingdom,13.52,1,13.52
2523,12942,United Kingdom,13.5,1,13.5
2524,18161,United Kingdom,13.5,1,13.5
2525,13947,United Kingdom,13.5,1,13.5
2526,15987,United Kingdom,13.45,2,6.72
2527,17860,United Kingdom,13.45,1,13.45
2528,16243,United Kingdom,13.45,1,13.45
2529,14803,United Kingdom,13.41,2,6.7
2530,14408,United Kingdom,13.4,3,4.47
2531,16788,United Kingdom,13.28,2,6.64
2532,15450,United Kingdom,13.2,1,13.2
2533,12436,Norway,13.2,1,13.2
2534,12417,Spain,13.2,1,13.2
2535,12348,Finland,13.2,1,13.2
2536,15143,United Kingdom,13.2,1,13.2
2537,16708,United Kingdom,13.2,1,13.2
2538,16070,United Kingdom,13.2,1,13.2
2539,12752,Norway,13.2,1,13.2
2540,17423,United Kingdom,13.2,1,13.2
2541,14586,United Kingdom,13.2,1,13.2
2542,12515,Italy,13.2,1,13.2
2543,17540,United Kingdom,13.05,1,13.05
2544,17979,United Kingdom,13.0,2,6.5
2545,14655,United Kingdom,13.0,1,13.0
2546,13565,United Kingdom,12.9,1,12.9
2547,12531,Germany,12.85,1,12.85
2548,16898,United Kingdom,12.83,2,6.42
2549,15219,United Kingdom,12.75,1,12.75
2550,16679,United Kingdom,12.75,1,12.75
2551,18250,United Kingdom,12.75,1,12.75
2552,14231,United Kingdom,12.75,1,12.75
2553,16777,United Kingdom,12.75,1,12.75
2554,15843,United Kingdom,12.75,1,12.75
2555,15042,United Kingdom,12.75,1,12.75
2556,18282,United Kingdom,12.75,1,12.75
2557,14784,United Kingdom,12.72,1,12.72
2558,17962,United Kingdom,12.71,1,12.71
2559,15457,United Kingdom,12.67,1,12.67
2560,13876,United Kingdom,12.6,1,12.6
2561,18232,United Kingdom,12.6,1,12.6
2562,17481,United Kingdom,12.6,1,12.6
2563,12739,United Arab Emirates,12.6,1,12.6
2564,14267,United Kingdom,12.6,1,12.6
2565,15047,United Kingdom,12.6,1,12.6
2566,15551,United Kingdom,12.6,1,12.6
2567,17109,United Kingdom,12.55,2,6.28
2568,17580,United Kingdom,12.55,1,12.55
2569,17349,United Kingdom,12.5,1,12.5
2570,17227,United Kingdom,12.5,2,6.25
2571,17584,United Kingdom,12.5,1,12.5
2572,17970,United Kingdom,12.5,1,12.5
2573,15091,United Kingdom,12.48,1,12.48
2574,12427,Germany,12.48,1,12.48
2575,15345,United Kingdom,12.48,1,12.48
2576,17148,United Kingdom,12.48,1,12.48
2577,16233,United Kingdom,12.48,1,12.48
2578,15557,United Kingdom,12.45,1,12.45
2579,17266,United Kingdom,12.43,1,12.43
2580,15000,United Kingdom,12.4,1,12.4
2581,16536,United Kingdom,12.35,1,12.35
2582,16902,United Kingdom,12.34,1,12.34
2583,16121,United Kingdom,12.2,2,6.1
2584,14375,United Kingdom,12.2,1,12.2
2585,16930,United Kingdom,12.14,3,4.05
2586,15953,United Kingdom,12.05,2,6.02
2587,14446,United Kingdom,12.040000000000001,3,4.01
2588,13822,United Kingdom,12.04,1,12.04
2589,16594,United Kingdom,12.03,1,12.03
2590,15210,United Kingdom,11.9,1,11.9
2591,14871,United Kingdom,11.9,1,11.9
2592,17881,United Kingdom,11.9,1,11.9
2593,14271,United Kingdom,11.9,1,11.9
2594,16181,United Kingdom,11.9,1,11.9
2595,13560,United Kingdom,11.850000000000001,1,11.85
2596,14988,United Kingdom,11.85,1,11.85
2597,15714,United Kingdom,11.85,1,11.85
2598,17566,United Kingdom,11.82,1,11.82
2599,13656,United Kingdom,11.809999999999999,2,5.9
2600,15325,United Kingdom,11.8,1,11.8
2601,16122,United Kingdom,11.7,1,11.7
2602,17987,United Kingdom,11.7,1,11.7
2603,13235,United Kingdom,11.65,1,11.65
2604,13428,United Kingdom,11.65,1,11.65
2605,16960,United Kingdom,11.64,2,5.82
2606,12535,France,11.6,1,11.6
2607,17403,United Kingdom,11.56,1,11.56
2608,16367,United Kingdom,11.530000000000001,2,5.76
2609,15434,United Kingdom,11.5,1,11.5
2610,15050,United Kingdom,11.45,1,11.45
2611,16392,United Kingdom,11.45,1,11.45
2612,14344,United Kingdom,11.45,2,5.72
2613,16475,United Kingdom,11.4,1,11.4
2614,18110,United Kingdom,11.35,1,11.35
2615,13066,United Kingdom,11.28,1,11.28
2616,13301,United Kingdom,11.25,3,3.75
2617,15164,United Kingdom,11.25,2,5.62
2618,15952,United Kingdom,11.15,2,5.58
2619,17301,United Kingdom,11.07,1,11.07
2620,13259,United Kingdom,11.05,1,11.05
2621,17832,United Kingdom,11.04,1,11.04
2622,16804,United Kingdom,10.95,2,5.48
2623,15579,United Kingdom,10.9,1,10.9
2624,17551,United Kingdom,10.9,1,10.9
2625,17038,United Kingdom,10.9,1,10.9
2626,17972,United Kingdom,10.9,1,10.9
2627,16725,United Kingdom,10.9,2,5.45
2628,16750,United Kingdom,10.899999999999999,2,5.45
2629,16407,United Kingdom,10.850000000000001,2,5.43
2630,15920,United Kingdom,10.83,1,10.83
2631,15041,United Kingdom,10.81,1,10.81
2632,17052,United Kingdom,10.53,1,10.53
2633,12418,Switzerland,10.5,1,10.5
2634,15025,United Kingdom,10.5,1,10.5
2635,13296,United Kingdom,10.5,1,10.5
2636,14265,Unspecified,10.5,1,10.5
2637,15279,United Kingdom,10.5,1,10.5
2638,15809,United Kingdom,10.5,1,10.5
2639,15277,United Kingdom,10.5,1,10.5
2640,13510,United Kingdom,10.5,1,10.5
2641,17375,United Kingdom,10.5,1,10.5
2642,15099,United Kingdom,10.5,1,10.5
2643,14762,United Kingdom,10.5,1,10.5
2644,16447,United Kingdom,10.5,1,10.5
2645,13835,United Kingdom,10.5,1,10.5
2646,13427,United Kingdom,10.5,1,10.5
2647,13420,United Kingdom,10.5,1,10.5
2648,17674,United Kingdom,10.5,1,10.5
2649,17693,United Kingdom,10.5,1,10.5
2650,13142,United Kingdom,10.5,1,10.5
2651,15489,United Kingdom,10.5,1,10.5
2652,15435,United Kingdom,10.45,1,10.45
2653,17126,United Kingdom,10.43,3,3.48
2654,13456,United Kingdom,10.4,1,10.4
2655,17025,United Kingdom,10.4,1,10.4
2656,18213,United Kingdom,10.4,1,10.4
2657,12491,France,10.4,1,10.4
2658,17190,United Kingdom,10.4,1,10.4
2659,12646,USA,10.4,1,10.4
2660,13170,United Kingdom,10.35,1,10.35
2661,15550,United Kingdom,10.33,2,5.16
2662,15965,United Kingdom,10.31,2,5.16
2663,13716,United Kingdom,10.3,1,10.3
2664,14916,United Kingdom,10.2,1,10.2
2665,13636,United Kingdom,10.2,1,10.2
2666,16747,United Kingdom,10.2,1,10.2
2667,13626,United Kingdom,10.2,1,10.2
2668,17083,United Kingdom,10.2,1,10.2
2669,16164,United Kingdom,10.2,1,10.2
2670,12991,United Kingdom,10.2,1,10.2
2671,15243,United Kingdom,10.2,1,10.2
2672,15690,United Kingdom,10.2,1,10.2
2673,13464,United Kingdom,10.2,1,10.2
2674,12519,Germany,10.2,1,10.2
2675,17521,United Kingdom,10.2,1,10.2
2676,13663,United Kingdom,10.2,1,10.2
2677,14973,United Kingdom,10.2,1,10.2
2678,16587,United Kingdom,10.2,1,10.2
2679,13721,United Kingdom,10.2,1,10.2
2680,12929,United Kingdom,10.2,1,10.2
2681,15363,United Kingdom,10.2,1,10.2
2682,15795,United Kingdom,10.2,1,10.2
2683,12546,Spain,10.2,1,10.2
2684,12545,Spain,10.2,1,10.2
2685,15205,United Kingdom,10.2,1,10.2
2686,15234,United Kingdom,10.2,1,10.2
2687,17535,United Kingdom,10.2,1,10.2
2688,17727,United Kingdom,10.2,1,10.2
2689,16372,United Kingdom,10.18,1,10.18
2690,12845,United Kingdom,10.15,1,10.15
2691,17772,United Kingdom,10.15,2,5.08
2692,15351,United Kingdom,10.1,3,3.37
2693,16208,United Kingdom,10.1,1,10.1
2694,16394,United Kingdom,10.08,1,10.08
2695,14306,United Kingdom,10.08,1,10.08
2696,15806,United Kingdom,10.08,1,10.08
2697,12399,Belgium,10.08,1,10.08
2698,16096,United Kingdom,10.08,1,10.08
2699,17990,United Kingdom,10.08,1,10.08
2700,17824,United Kingdom,10.08,1,10.08
2701,15201,United Kingdom,10.08,1,10.08
2702,13533,United Kingdom,10.05,2,5.03
2703,16718,United Kingdom,10.05,1,10.05
2704,13566,United Kingdom,10.030000000000001,2,5.02
2705,14420,United Kingdom,10.0,1,10.0
2706,12589,France,10.0,1,10.0
2707,14775,United Kingdom,9.96,1,9.96
2708,16668,United Kingdom,9.96,1,9.96
2709,16638,United Kingdom,9.96,1,9.96
2710,13816,Germany,9.96,1,9.96
2711,17642,United Kingdom,9.96,1,9.96
2712,13502,United Kingdom,9.96,1,9.96
2713,12512,Israel,9.96,1,9.96
2714,14476,United Kingdom,9.95,1,9.95
2715,18019,United Kingdom,9.95,1,9.95
2716,13221,United Kingdom,9.95,1,9.95
2717,14270,United Kingdom,9.95,1,9.95
2718,14799,United Kingdom,9.95,1,9.95
2719,14816,United Kingdom,9.95,1,9.95
2720,18095,United Kingdom,9.95,1,9.95
2721,12968,United Kingdom,9.95,1,9.95
2722,16693,United Kingdom,9.95,1,9.95
2723,17604,United Kingdom,9.92,2,4.96
2724,17579,United Kingdom,9.9,1,9.9
2725,15454,United Kingdom,9.9,1,9.9
2726,14452,United Kingdom,9.9,2,4.95
2727,13364,United Kingdom,9.9,1,9.9
2728,18255,United Kingdom,9.9,1,9.9
2729,14965,United Kingdom,9.9,1,9.9
2730,17274,United Kingdom,9.9,1,9.9
2731,16338,United Kingdom,9.9,1,9.9
2732,17786,United Kingdom,9.86,1,9.86
2733,16085,United Kingdom,9.86,4,2.46
2734,15272,United Kingdom,9.7,1,9.7
2735,17848,United Kingdom,9.68,1,9.68
2736,13271,United Kingdom,9.65,1,9.65
2737,14985,United Kingdom,9.620000000000001,2,4.81
2738,16903,United Kingdom,9.57,1,9.57
2739,17931,United Kingdom,9.5,2,4.75
2740,12938,United Kingdom,9.48,1,9.48
2741,15408,United Kingdom,9.38,1,9.38
2742,18081,United Kingdom,9.36,1,9.36
2743,14815,United Kingdom,9.36,1,9.36
2744,13419,United Kingdom,9.36,1,9.36
2745,14029,United Kingdom,9.36,1,9.36
2746,13897,United Kingdom,9.36,1,9.36
2747,16012,United Kingdom,9.34,2,4.67
2748,17014,United Kingdom,9.28,1,9.28
2749,13673,United Kingdom,9.25,2,4.62
2750,13548,United Kingdom,9.21,2,4.61
2751,17267,United Kingdom,9.149999999999999,2,4.57
2752,16418,United Kingdom,9.08,2,4.54
2753,16330,United Kingdom,9.05,2,4.53
2754,17496,United Kingdom,9.0,1,9.0
2755,15669,United Kingdom,9.0,1,9.0
2756,14869,United Kingdom,8.98,1,8.98
2757,17864,United Kingdom,8.95,2,4.47
2758,13311,United Kingdom,8.95,1,8.95
2759,17561,United Kingdom,8.9,1,8.9
2760,17523,United Kingdom,8.85,1,8.85
2761,15918,United Kingdom,8.85,1,8.85
2762,12673,Germany,8.85,1,8.85
2763,17911,United Kingdom,8.75,1,8.75
2764,16932,United Kingdom,8.73,1,8.73
2765,12743,Unspecified,8.7,2,4.35
2766,15280,United Kingdom,8.7,1,8.7
2767,15919,United Kingdom,8.649999999999999,2,4.32
2768,13643,United Kingdom,8.5,1,8.5
2769,18200,United Kingdom,8.5,1,8.5
2770,16230,United Kingdom,8.5,1,8.5
2771,17298,United Kingdom,8.5,1,8.5
2772,12375,Finland,8.5,1,8.5
2773,16080,United Kingdom,8.5,1,8.5
2774,16247,United Kingdom,8.5,1,8.5
2775,17869,United Kingdom,8.5,1,8.5
2776,16399,United Kingdom,8.5,1,8.5
2777,15723,United Kingdom,8.5,1,8.5
2778,14114,United Kingdom,8.5,1,8.5
2779,17128,United Kingdom,8.5,1,8.5
2780,17125,United Kingdom,8.5,1,8.5
2781,12956,United Kingdom,8.5,1,8.5
2782,15576,United Kingdom,8.5,1,8.5
2783,17046,United Kingdom,8.5,1,8.5
2784,14438,United Kingdom,8.5,1,8.5
2785,15545,United Kingdom,8.45,1,8.45
2786,13226,United Kingdom,8.4,1,8.4
2787,15880,United Kingdom,8.4,1,8.4
2788,15568,United Kingdom,8.4,1,8.4
2789,13193,United Kingdom,8.280000000000001,1,8.28
2790,17791,United Kingdom,8.25,1,8.25
2791,17075,United Kingdom,8.25,1,8.25
2792,16887,United Kingdom,8.25,1,8.25
2793,16374,United Kingdom,8.2,1,8.2
2794,13637,United Kingdom,8.15,1,8.15
2795,17432,United Kingdom,8.15,1,8.15
2796,17859,United Kingdom,7.96,1,7.96
2797,17312,United Kingdom,7.95,1,7.95
2798,17303,United Kingdom,7.95,1,7.95
2799,13737,United Kingdom,7.95,1,7.95
2800,16104,United Kingdom,7.95,1,7.95
2801,17329,United Kingdom,7.95,1,7.95
2802,16339,United Kingdom,7.95,1,7.95
2803,15438,United Kingdom,7.9,1,7.9
2804,15274,United Kingdom,7.9,1,7.9
2805,16706,United Kingdom,7.85,3,2.62
2806,15319,United Kingdom,7.8,1,7.8
2807,17537,United Kingdom,7.8,1,7.8
2808,17538,United Kingdom,7.8,1,7.8
2809,18085,United Kingdom,7.8,1,7.8
2810,14729,United Kingdom,7.65,1,7.65
2811,13760,United Kingdom,7.59,2,3.8
2812,16204,United Kingdom,7.55,1,7.55
2813,15957,United Kingdom,7.5,1,7.5
2814,16768,United Kingdom,7.5,1,7.5
2815,16591,United Kingdom,7.5,1,7.5
2816,14173,United Kingdom,7.5,1,7.5
2817,13395,United Kingdom,7.5,1,7.5
2818,14716,United Kingdom,7.3,2,3.65
2819,13570,United Kingdom,7.29,1,7.29
2820,18096,United Kingdom,7.25,2,3.62
2821,15019,United Kingdom,7.199999999999999,1,7.2
2822,13077,United Kingdom,7.17,2,3.58
2823,14675,United Kingdom,7.11,1,7.11
2824,16924,United Kingdom,7.06,2,3.53
2825,15471,United Kingdom,7.04,1,7.04
2826,17254,United Kingdom,6.99,2,3.5
2827,17277,United Kingdom,6.96,1,6.96
2828,13212,United Kingdom,6.880000000000001,2,3.44
2829,17852,United Kingdom,6.85,2,3.42
2830,16400,United Kingdom,6.8,1,6.8
2831,12631,Finland,6.8,1,6.8
2832,12648,Germany,6.8,1,6.8
2833,15807,United Kingdom,6.8,1,6.8
2834,15192,United Kingdom,6.8,1,6.8
2835,16053,United Kingdom,6.8,1,6.8
2836,16593,United Kingdom,6.779999999999999,2,3.39
2837,14093,United Kingdom,6.77,1,6.77
2838,17968,United Kingdom,6.75,1,6.75
2839,16841,United Kingdom,6.72,1,6.72
2840,17885,United Kingdom,6.66,1,6.66
2841,18005,United Kingdom,6.66,1,6.66
2842,17844,Canada,6.64,1,6.64
2843,17037,United Kingdom,6.64,1,6.64
2844,17582,United Kingdom,6.61,1,6.61
2845,18114,United Kingdom,6.6,1,6.6
2846,14850,United Kingdom,6.6,1,6.6
2847,16479,United Kingdom,6.6,1,6.6
2848,16895,United Kingdom,6.6,1,6.6
2849,15900,United Kingdom,6.6,1,6.6
2850,15661,United Kingdom,6.6,1,6.6
2851,14647,United Kingdom,6.57,1,6.57
2852,13708,United Kingdom,6.45,1,6.45
2853,15721,United Kingdom,6.34,1,6.34
2854,15573,United Kingdom,6.32,2,3.16
2855,14813,United Kingdom,6.3,1,6.3
2856,15503,United Kingdom,6.3,1,6.3
2857,13649,United Kingdom,6.3,1,6.3
2858,14037,United Kingdom,6.25,1,6.25
2859,12506,France,6.2,1,6.2
2860,17783,United Kingdom,6.0,2,3.0
2861,17362,United Kingdom,5.95,1,5.95
2862,17905,United Kingdom,5.95,1,5.95
2863,17708,United Kingdom,5.95,1,5.95
2864,17892,United Kingdom,5.95,1,5.95
2865,14712,United Kingdom,5.9,1,5.9
2866,15812,United Kingdom,5.9,1,5.9
2867,16869,United Kingdom,5.9,3,1.97
2868,14722,United Kingdom,5.9,1,5.9
2869,16897,United Kingdom,5.9,1,5.9
2870,18203,United Kingdom,5.9,1,5.9
2871,16906,United Kingdom,5.9,1,5.9
2872,16461,United Kingdom,5.9,1,5.9
2873,15054,United Kingdom,5.87,2,2.94
2874,16017,United Kingdom,5.85,1,5.85
2875,16782,United Kingdom,5.85,1,5.85
2876,18181,United Kingdom,5.8,1,5.8
2877,13884,United Kingdom,5.8,1,5.8
2878,13568,United Kingdom,5.8,1,5.8
2879,16406,United Kingdom,5.79,1,5.79
2880,17221,United Kingdom,5.79,2,2.9
2881,14174,United Kingdom,5.78,1,5.78
2882,16438,United Kingdom,5.76,3,1.92
2883,13978,United Kingdom,5.76,1,5.76
2884,17189,United Kingdom,5.69,2,2.84
2885,17950,United Kingdom,5.609999999999999,2,2.8
2886,17957,United Kingdom,5.58,1,5.58
2887,17545,United Kingdom,5.51,2,2.76
2888,14592,United Kingdom,5.5,2,2.75
2889,13508,United Kingdom,5.45,1,5.45
2890,17967,United Kingdom,5.45,1,5.45
2891,15877,United Kingdom,5.42,2,2.71
2892,12844,United Kingdom,5.4,1,5.4
2893,16915,United Kingdom,5.4,2,2.7
2894,12847,United Kingdom,5.29,1,5.29
2895,13121,United Kingdom,5.2,1,5.2
2896,15016,United Kingdom,5.2,1,5.2
2897,17771,United Kingdom,5.2,1,5.2
2898,12940,United Kingdom,5.1,1,5.1
2899,14413,United Kingdom,5.1,1,5.1
2900,16413,United Kingdom,5.1,1,5.1
2901,18165,United Kingdom,5.04,1,5.04
2902,12374,Austria,5.04,1,5.04
2903,16147,United Kingdom,5.04,1,5.04
2904,14794,United Kingdom,5.04,1,5.04
2905,17405,United Kingdom,5.04,1,5.04
2906,17232,United Kingdom,5.04,1,5.04
2907,13740,United Kingdom,5.04,1,5.04
2908,15346,United Kingdom,5.04,1,5.04
2909,13116,United Kingdom,5.04,1,5.04
2910,15916,United Kingdom,5.04,1,5.04
2911,14570,United Kingdom,5.04,1,5.04
2912,14652,United Kingdom,5.03,1,5.03
2913,17890,United Kingdom,5.0,1,5.0
2914,17843,United Kingdom,5.0,1,5.0
2915,17839,United Kingdom,5.0,1,5.0
2916,13173,United Kingdom,5.0,2,2.5
2917,14598,United Kingdom,5.0,1,5.0
2918,14529,United Kingdom,4.99,2,2.5
2919,13611,United Kingdom,4.95,1,4.95
2920,12849,United Kingdom,4.95,1,4.95
2921,15748,United Kingdom,4.95,1,4.95
2922,18105,United Kingdom,4.95,1,4.95
2923,14578,United Kingdom,4.95,1,4.95
2924,15894,United Kingdom,4.95,1,4.95
2925,16773,United Kingdom,4.95,1,4.95
2926,17431,United Kingdom,4.95,1,4.95
2927,18045,United Kingdom,4.95,1,4.95
2928,16412,United Kingdom,4.95,1,4.95
2929,16065,United Kingdom,4.95,1,4.95
2930,12577,France,4.85,2,2.42
2931,14499,United Kingdom,4.85,1,4.85
2932,18127,United Kingdom,4.84,2,2.42
2933,14362,United Kingdom,4.75,1,4.75
2934,14550,United Kingdom,4.68,1,4.68
2935,17383,United Kingdom,4.68,1,4.68
2936,17612,United Kingdom,4.68,1,4.68
2937,16933,United Kingdom,4.68,1,4.68
2938,14513,United Kingdom,4.65,1,4.65
2939,17988,United Kingdom,4.65,1,4.65
2940,15006,United Kingdom,4.6,1,4.6
2941,14656,United Kingdom,4.6,1,4.6
2942,18001,United Kingdom,4.52,2,2.26
2943,15060,United Kingdom,4.4,1,4.4
2944,16685,United Kingdom,4.35,1,4.35
2945,14077,United Kingdom,4.27,2,2.13
2946,17977,United Kingdom,4.25,1,4.25
2947,17358,United Kingdom,4.25,1,4.25
2948,17835,United Kingdom,4.18,2,2.09
2949,17960,United Kingdom,4.17,1,4.17
2950,14974,United Kingdom,4.16,1,4.16
2951,15335,United Kingdom,4.15,1,4.15
2952,17371,United Kingdom,4.03,1,4.03
2953,14470,United Kingdom,3.95,1,3.95
2954,16345,United Kingdom,3.8,1,3.8
2955,16206,United Kingdom,3.75,1,3.75
2956,14594,United Kingdom,3.75,1,3.75
2957,14779,United Kingdom,3.75,2,1.88
2958,13603,United Kingdom,3.75,1,3.75
2959,17660,United Kingdom,3.75,1,3.75
2960,17877,United Kingdom,3.75,1,3.75
2961,17899,United Kingdom,3.75,1,3.75
2962,13532,United Kingdom,3.5300000000000002,1,3.53
2963,14130,United Kingdom,3.48,1,3.48
2964,16006,United Kingdom,3.48,1,3.48
2965,15543,United Kingdom,3.48,1,3.48
2966,16667,United Kingdom,3.4,1,3.4
2967,15440,United Kingdom,3.4,1,3.4
2968,13322,United Kingdom,3.4,1,3.4
2969,15460,United Kingdom,3.4,1,3.4
2970,13544,United Kingdom,3.35,2,1.68
2971,17759,United Kingdom,3.35,1,3.35
2972,13684,United Kingdom,3.35,1,3.35
2973,18009,United Kingdom,3.3,1,3.3
2974,14485,United Kingdom,3.3,1,3.3
2975,17299,United Kingdom,3.3,1,3.3
2976,13032,United Kingdom,3.3,1,3.3
2977,16365,United Kingdom,3.25,1,3.25
2978,14357,United Kingdom,3.21,1,3.21
2979,14067,United Kingdom,3.1999999999999997,1,3.2
2980,17976,United Kingdom,3.05,1,3.05
2981,14381,United Kingdom,3.05,1,3.05
2982,13246,United Kingdom,2.95,1,2.95
2983,14098,United Kingdom,2.95,1,2.95
2984,15820,United Kingdom,2.95,1,2.95
2985,13607,United Kingdom,2.95,1,2.95
2986,17379,United Kingdom,2.95,1,2.95
2987,16720,United Kingdom,2.95,1,2.95
2988,17891,United Kingdom,2.95,1,2.95
2989,13715,United Kingdom,2.9,1,2.9
2990,14014,United Kingdom,2.88,1,2.88
2991,14765,United Kingdom,2.8499999999999996,2,1.42
2992,16983,United Kingdom,2.71,1,2.71
2993,15048,United Kingdom,2.67,2,1.34
2994,17817,United Kingdom,2.55,1,2.55
2995,14041,United Kingdom,2.55,1,2.55
2996,17124,United Kingdom,2.52,1,2.52
2997,14448,United Kingdom,2.5,1,2.5
2998,14958,United Kingdom,2.5,1,2.5
2999,17901,United Kingdom,2.49,1,2.49
3000,15571,United Kingdom,2.49,1,2.49
3001,16965,United Kingdom,2.49,1,2.49
3002,14087,United Kingdom,2.48,1,2.48
3003,16386,United Kingdom,2.47,1,2.47
3004,14995,United Kingdom,2.37,1,2.37
3005,15994,United Kingdom,2.25,1,2.25
3006,17760,United Kingdom,2.25,1,2.25
3007,14335,Germany,2.1,1,2.1
3008,16727,United Kingdom,2.1,1,2.1
3009,15537,United Kingdom,2.1,1,2.1
3010,15014,United Kingdom,2.1,1,2.1
3011,16415,United Kingdom,2.1,1,2.1
3012,16697,United Kingdom,2.1,1,2.1
3013,17219,United Kingdom,2.08,1,2.08
3014,12920,United Kingdom,1.95,1,1.95
3015,17289,United Kingdom,1.95,1,1.95
3016,18067,United Kingdom,1.95,1,1.95
3017,15334,United Kingdom,1.7,1,1.7
3018,16753,United Kingdom,1.65,1,1.65
3019,17654,United Kingdom,1.65,1,1.65
3020,16893,United Kingdom,1.65,1,1.65
3021,16629,United Kingdom,1.65,1,1.65
3022,17247,United Kingdom,1.65,1,1.65
3023,17928,United Kingdom,1.65,1,1.65
3024,13563,United Kingdom,1.56,1,1.56
3025,15174,United Kingdom,1.55,1,1.55
3026,17351,United Kingdom,1.45,1,1.45
3027,12893,United Kingdom,1.25,1,1.25
3028,16446,United Kingdom,1.25,1,1.25
3029,16658,United Kingdom,1.25,1,1.25
3030,15988,United Kingdom,1.25,1,1.25
3031,14076,United Kingdom,1.25,1,1.25
3032,16405,United Kingdom,1.25,1,1.25
3033,17181,United Kingdom,1.25,1,1.25
3034,16349,United Kingdom,1.25,1,1.25
3035,13600,United Kingdom,1.25,1,1.25
3036,13827,United Kingdom,1.25,1,1.25
3037,15517,United Kingdom,1.25,1,1.25
3038,17793,United Kingdom,0.95,1,0.95
3039,18117,United Kingdom,0.85,1,0.85
3040,17194,United Kingdom,0.85,1,0.85
3041,17321,United Kingdom,0.85,1,0.85
3042,15528,United Kingdom,0.85,1,0.85
3043,14670,United Kingdom,0.85,1,0.85
3044,16274,United Kingdom,0.85,1,0.85
3045,17904,United Kingdom,0.85,1,0.85
3046,18018,United Kingdom,0.85,1,0.85
3047,15031,United Kingdom,0.84,1,0.84
3048,16921,United Kingdom,0.83,1,0.83
3049,18088,United Kingdom,0.78,1,0.78
3050,16324,United Kingdom,0.76,1,0.76
3051,15437,United Kingdom,0.65,1,0.65
3052,16113,United Kingdom,0.55,1,0.55
3053,18037,United Kingdom,0.42,1,0.42
3054,17908,United Kingdom,0.42,1,0.42
3055,12851,United Kingdom,0.21,1,0.21
